"Source","Weight_kg","Sex","Age_yrs","Length_cm","Month","Year"
"ATSEA",0.59,"F",6,46,6,2020
"ATSEA",0.56,"F",6,45,6,2020
"ATSEA",0.54,"M",4,45,6,2020
"ATSEA",0.58,"F",10,47,6,2020
"ATSEA",0.87,"F",6,55,5,2020
"ATSEA",0.4,"M",4,42,5,2020
"ATSEA",0.5,"F",6,45,5,2020
"ATSEA",0.6,"F",6,47,6,2020
"ATSEA",0.49,"F",6,44,5,2020
"ATSEA",0.45,"F",4,43,5,2020
"ATSEA",0.53,"F",6,46,6,2020
"ATSEA",0.46,"M",10,43,5,2020
"ATSEA",0.4,"F",4,41,5,2020
"ATSEA",0.43,"M",6,44,5,2020
"ATSEA",0.46,"F",4,43,5,2020
"ATSEA",0.5,"F",6,45,5,2020
"ATSEA",0.41,"F",3,40,5,2020
"ATSEA",0.5,"F",4,44,6,2020
"ATSEA",0.61,"M",10,47,5,2020
"ATSEA",0.47,"M",11,45,5,2020
"ATSEA",0.6,"M",5,48,5,2020
"ATSEA",0.34,"F",4,40,6,2020
"ATSEA",0.47,"M",4,43,6,2020
"ATSEA",0.64,"M",12,47,6,2020
"ATSEA",0.5,"F",4,44,6,2020
"ATSEA",0.48,"F",6,45,6,2020
"ATSEA",0.46,"F",6,43,5,2020
"ATSEA",0.54,"F",4,46,5,2020
"ATSEA",0.5,"M",10,45,6,2020
"ATSEA",0.47,"M",6,43,6,2020
"ATSEA",0.47,"F",3,44,5,2020
"ATSEA",0.47,"F",7,43,5,2020
"ATSEA",0.5,"F",4,43,6,2020
"ATSEA",0.42,"M",3,41,6,2020
"ATSEA",0.44,"F",4,42,5,2020
"ATSEA",0.36,"M",3,40,6,2020
"ATSEA",0.5,"M",4,43,11,2020
"ATSEA",0.61,"M",4,45,10,2020
"ATSEA",0.54,"F",6,46,11,2020
"ATSEA",0.54,"M",6,42,11,2020
"ATSEA",0.62,"F",7,46,10,2020
"ATSEA",0.69,"M",6,46,10,2020
"ATSEA",0.51,"M",4,43,11,2020
"ATSEA",0.45,"M",4,41,11,2020
"ATSEA",0.64,"M",4,46,11,2020
"ATSEA",0.55,"F",4,43,11,2020
"ATSEA",0.74,"M",10,47,10,2020
"ATSEA",0.56,"M",3,44,11,2020
"ATSEA",0.59,"M",6,44,9,2020
"ATSEA",0.61,"F",4,46,11,2020
"ATSEA",0.48,"M",4,42,11,2020
"ATSEA",0.6,"F",4,45,10,2020
"ATSEA",0.52,"M",4,44,11,2020
"ATSEA",0.51,"F",3,43,11,2020
"ATSEA",0.7,"F",11,49,11,2020
"ATSEA",0.48,"M",3,43,5,2020
"ATSEA",0.55,"M",6,47,5,2020
"ATSEA",0.51,"F",4,44,5,2020
"ATSEA",0.44,"F",4,45,5,2020
"ATSEA",0.36,"M",3,41,5,2020
"ATSEA",0.42,"M",6,42,5,2020
"ATSEA",0.42,"F",3,41,5,2020
"ATSEA",0.54,"M",6,44,6,2020
"ATSEA",0.48,"M",8,46,6,2020
"ATSEA",0.52,"F",6,45,6,2020
"ATSEA",0.51,"F",4,45,5,2020
"ATSEA",0.62,"F",12,44,5,2020
"ATSEA",0.5,"M",10,45,6,2020
"ATSEA",0.45,"M",6,44,6,2020
"ATSEA",1.23,"F",10,58,6,2020
"ATSEA",0.45,"M",12,43,6,2020
"ATSEA",0.44,"F",6,43,5,2020
"ATSEA",0.54,"F",6,44,5,2020
"ATSEA",0.48,"M",6,44,5,2020
"ATSEA",0.43,"M",6,43,5,2020
"ATSEA",0.64,"M",10,48,5,2020
"ATSEA",0.54,"M",6,47,6,2020
"ATSEA",0.38,"M",4,40,5,2020
"ATSEA",0.5,"M",9,43,5,2020
"ATSEA",0.48,"F",6,44,5,2020
"ATSEA",0.5,"M",4,44,6,2020
"ATSEA",0.46,"M",4,41,6,2020
"ATSEA",0.46,"F",6,45,6,2020
"ATSEA",0.45,"M",6,43,5,2020
"ATSEA",0.62,"F",4,47,5,2020
"ATSEA",0.5,"F",11,45,5,2020
"ATSEA",0.56,"F",6,47,5,2020
"ATSEA",0.46,"M",6,43,5,2020
"ATSEA",0.48,"M",10,44,5,2020
"ATSEA",0.52,"F",4,43,6,2020
"ATSEA",0.54,"M",4,45,5,2020
"ATSEA",0.56,"F",10,47,6,2020
"ATSEA",0.48,"M",4,43,6,2020
"ATSEA",0.44,"M",4,42,6,2020
"ATSEA",0.43,"F",6,43,6,2020
"ATSEA",0.4,"M",4,43,5,2020
"ATSEA",0.46,"M",10,43,5,2020
"ATSEA",0.51,"M",4,46,5,2020
"ATSEA",0.5,"M",4,45,6,2020
"ATSEA",0.53,"F",6,47,6,2020
"ATSEA",0.48,"M",6,45,6,2020
"ATSEA",0.41,"M",5,41,5,2020
"ATSEA",0.47,"M",6,45,5,2020
"ATSEA",0.48,"M",6,43,5,2020
"ATSEA",0.47,"M",6,44,6,2020
"ATSEA",0.44,"M",4,41,5,2020
"ATSEA",0.49,"M",6,44,5,2020
"ATSEA",0.62,"M",6,47,5,2020
"ATSEA",0.53,"M",4,45,6,2020
"ATSEA",0.46,"M",7,44,5,2020
"ATSEA",0.4,"M",4,41,6,2020
"ATSEA",0.45,"M",3,44,5,2020
"ATSEA",0.54,"M",10,46,5,2020
"ATSEA",0.44,"M",4,43,6,2020
"ATSEA",0.75,"F",6,51,5,2020
"ATSEA",0.46,"M",7,44,5,2020
"ATSEA",0.4,"M",6,41,5,2020
"ATSEA",0.46,"M",4,42,5,2020
"ATSEA",0.53,"F",4,44,6,2020
"ATSEA",0.56,"F",4,45,6,2020
"ATSEA",0.48,"F",4,47,6,2020
"ATSEA",0.56,"F",11,45,6,2020
"ATSEA",0.52,"F",4,44,6,2020
"ATSEA",0.5,"M",9,44,6,2020
"ATSEA",0.5,"F",6,45,5,2020
"ATSEA",0.48,"M",4,44,5,2020
"ATSEA",0.43,"M",3,43,6,2020
"ATSEA",0.4,"M",4,39,6,2020
"ATSEA",0.48,"F",7,43,6,2020
"ATSEA",0.54,"F",4,44,10,2020
"ATSEA",0.52,"M",4,43,10,2020
"ATSEA",0.67,"F",6,47,10,2020
"ATSEA",0.52,"F",4,43,10,2020
"ATSEA",0.63,"F",4,46,11,2020
"ATSEA",0.49,"M",4,43,10,2020
"ATSEA",0.55,"M",4,44,10,2020
"ATSEA",0.54,"M",4,42,11,2020
"ATSEA",0.58,"M",6,44,11,2020
"ATSEA",0.67,"M",6,46,10,2020
"ATSEA",0.5,"F",3,45,10,2020
"ATSEA",0.51,"M",6,44,11,2020
"ATSEA",0.6,"M",4,46,11,2020
"ATSEA",0.47,"F",4,43,11,2020
"ATSEA",0.62,"F",12,45,11,2020
"ATSEA",0.54,"M",4,44,11,2020
"ATSEA",0.46,"M",6,42,6,2020
"ATSEA",0.53,"F",7,47,5,2020
"ATSEA",0.49,"F",6,43,5,2020
"ATSEA",0.42,"M",4,43,5,2020
"ATSEA",0.54,"F",4,44,6,2020
"ATSEA",0.58,"F",4,44,6,2020
"ATSEA",0.5,"M",6,45,6,2020
"ATSEA",0.5,"F",6,45,6,2020
"ATSEA",0.47,"F",6,43,6,2020
"ATSEA",0.41,"M",4,41,5,2020
"ATSEA",0.7,"M",10,48,5,2020
"ATSEA",0.6,"M",10,46,5,2020
"ATSEA",0.54,"M",10,45,5,2020
"ATSEA",0.4,"F",4,41,5,2020
"ATSEA",0.52,"M",6,43,5,2020
"ATSEA",0.4,"M",4,42,5,2020
"ATSEA",0.5,"F",6,44,5,2020
"ATSEA",0.45,"F",4,44,5,2020
"ATSEA",0.58,"F",6,46,5,2020
"ATSEA",0.57,"F",6,46,5,2020
"ATSEA",0.42,"M",6,43,5,2020
"ATSEA",0.96,"F",9,56,5,2020
"ATSEA",0.53,"M",4,44,5,2020
"ATSEA",0.6,"F",4,48,5,2020
"ATSEA",0.48,"M",6,46,5,2020
"ATSEA",0.46,"F",4,44,6,2020
"ATSEA",0.42,"F",4,43,6,2020
"ATSEA",0.46,"M",4,43,6,2020
"ATSEA",0.48,"M",6,45,5,2020
"ATSEA",0.6,"F",10,47,6,2020
"ATSEA",0.57,"F",4,43,6,2020
"ATSEA",0.52,"F",6,44,6,2020
"ATSEA",0.52,"F",4,46,6,2020
"ATSEA",0.5,"F",4,45,5,2020
"ATSEA",0.44,"M",4,43,6,2020
"ATSEA",0.65,"F",11,47,6,2020
"ATSEA",0.47,"M",4,42,6,2020
"ATSEA",0.55,"M",6,45,6,2020
"ATSEA",0.7,"M",10,46,10,2020
"ATSEA",0.61,"M",6,44,10,2020
"ATSEA",0.59,"M",4,46,5,2020
"ATSEA",0.35,"F",3,40,5,2020
"ATSEA",0.68,"F",10,51,6,2020
"ATSEA",0.65,"F",6,49,7,2020
"ATSEA",0.46,"F",6,44,5,2020
"ATSEA",0.33,"M",3,39,5,2020
"ATSEA",0.45,"M",6,42,6,2020
"ATSEA",0.4,"M",4,41,6,2020
"ATSEA",0.66,"F",10,48,6,2020
"ATSEA",0.6,"M",6,47,6,2020
"ATSEA",0.54,"F",4,46,5,2020
"ATSEA",0.43,"F",5,42,5,2020
"ATSEA",0.52,"M",10,46,6,2020
"ATSEA",0.44,"F",4,43,6,2020
"ATSEA",0.44,"F",3,42,5,2020
"ATSEA",0.48,"F",10,44,5,2020
"ATSEA",0.47,"M",3,43,6,2020
"ATSEA",0.49,"F",5,43,5,2020
"ATSEA",1.25,"F",10,58,5,2020
"ATSEA",0.39,"F",4,38,5,2020
"ATSEA",0.49,"M",4,43,6,2020
"ATSEA",0.54,"M",6,45,6,2020
"ATSEA",0.42,"F",3,40,6,2020
"ATSEA",0.4,"M",4,42,6,2020
"ATSEA",0.48,"M",12,44,6,2020
"ATSEA",0.5,"F",6,46,6,2020
"ATSEA",0.52,"M",10,47,6,2020
"ATSEA",0.5,"M",4,44,5,2020
"ATSEA",0.52,"M",10,45,6,2020
"ATSEA",0.96,"F",16,54,6,2020
"ATSEA",0.42,"F",3,40,6,2020
"ATSEA",0.56,"M",6,46,5,2020
"ATSEA",0.44,"M",3,43,5,2020
"ATSEA",0.5,"F",6,43,5,2020
"ATSEA",0.45,"M",6,41,5,2020
"ATSEA",0.48,"F",6,44,5,2020
"ATSEA",0.85,"F",10,53,6,2020
"ATSEA",0.59,"F",4,45,9,2020
"ATSEA",0.52,"F",4,44,10,2020
"ATSEA",0.6,"M",6,44,10,2020
"ATSEA",0.5,"M",6,45,5,2020
"ATSEA",0.55,"M",5,47,5,2020
"ATSEA",0.46,"F",3,42,5,2020
"ATSEA",0.5,"F",3,45,6,2020
"ATSEA",0.65,"F",6,49,6,2020
"ATSEA",0.46,"M",4,45,6,2020
"ATSEA",0.5,"F",9,46,5,2020
"ATSEA",0.48,"M",6,43,6,2020
"ATSEA",0.36,"M",3,39,5,2020
"ATSEA",0.51,"F",10,46,5,2020
"ATSEA",0.64,"F",6,48,5,2020
"ATSEA",0.54,"M",4,45,5,2020
"ATSEA",0.62,"F",4,47,5,2020
"ATSEA",0.61,"F",10,47,5,2020
"ATSEA",0.45,"M",10,47,6,2020
"ATSEA",0.46,"F",4,41,6,2020
"ATSEA",0.52,"M",10,46,6,2020
"ATSEA",0.44,"F",6,44,5,2020
"ATSEA",0.53,"F",4,45,5,2020
"ATSEA",0.57,"F",6,44,6,2020
"ATSEA",0.37,"F",6,41,5,2020
"ATSEA",0.54,"F",6,45,5,2020
"ATSEA",0.52,"M",8,44,6,2020
"ATSEA",0.47,"F",3,42,6,2020
"ATSEA",0.83,"F",10,52,6,2020
"ATSEA",0.54,"M",10,45,6,2020
"ATSEA",0.48,"F",4,44,5,2020
"ATSEA",0.46,"F",4,42,5,2020
"ATSEA",0.64,"M",6,50,5,2020
"ATSEA",0.54,"M",10,46,6,2020
"ATSEA",0.54,"M",10,45,6,2020
"ATSEA",0.5,"M",7,45,6,2020
"ATSEA",0.8,"M",8,52,6,2020
"ATSEA",0.48,"F",4,44,5,2020
"ATSEA",0.41,"M",4,42,6,2020
"ATSEA",0.6,"F",4,45,9,2020
"ATSEA",0.64,"M",4,46,10,2020
"ATSEA",0.5,"M",6,41,9,2020
"ATSEA",0.56,"M",4,44,9,2020
"ATSEA",0.52,"M",7,44,10,2020
"ATSEA",0.6,"F",3,44,11,2020
"ATSEA",0.78,"F",10,48,10,2020
"ATSEA",0.56,"M",3,45,11,2020
"ATSEA",0.55,"M",4,46,11,2020
"ATSEA",0.6,"M",4,44,10,2020
"ATSEA",0.58,"F",6,46,11,2020
"ATSEA",0.63,"F",4,46,11,2020
"ATSEA",0.52,"F",6,47,6,2020
"ATSEA",0.44,"F",4,42,6,2020
"ATSEA",0.46,"F",4,43,5,2020
"ATSEA",0.54,"M",5,45,5,2020
"ATSEA",0.44,"F",4,43,5,2020
"ATSEA",0.36,"M",4,41,5,2020
"ATSEA",0.46,"F",3,41,6,2020
"ATSEA",0.48,"F",4,46,6,2020
"ATSEA",0.58,"M",10,47,5,2020
"ATSEA",0.45,"F",4,42,6,2020
"ATSEA",0.51,"F",4,44,6,2020
"ATSEA",0.36,"M",4,39,5,2020
"ATSEA",0.43,"F",4,42,6,2020
"ATSEA",0.58,"F",6,47,5,2020
"ATSEA",0.46,"M",6,43,6,2020
"ATSEA",0.55,"M",4,45,5,2020
"ATSEA",0.51,"F",3,48,5,2020
"ATSEA",0.45,"M",4,44,5,2020
"ATSEA",0.5,"M",6,41,6,2020
"ATSEA",0.52,"M",10,45,6,2020
"ATSEA",0.58,"F",4,45,6,2020
"ATSEA",0.46,"F",4,41,6,2020
"ATSEA",0.5,"F",7,45,6,2020
"ATSEA",0.52,"F",5,43,6,2020
"ATSEA",0.51,"M",6,45,6,2020
"ATSEA",0.52,"F",6,44,6,2020
"ATSEA",0.37,"M",4,41,6,2020
"ATSEA",0.58,"M",6,44,6,2020
"ATSEA",0.56,"F",11,45,6,2020
"ATSEA",0.48,"F",4,44,6,2020
"ATSEA",0.42,"F",4,43,5,2020
"ATSEA",0.51,"M",6,46,5,2020
"ATSEA",0.37,"F",4,43,5,2020
"ATSEA",0.44,"F",4,43,6,2020
"ATSEA",0.56,"F",4,45,6,2020
"ATSEA",0.64,"F",10,45,9,2020
"ATSEA",0.64,"M",6,45,10,2020
"ATSEA",0.48,"M",4,41,10,2020
"ATSEA",0.46,"M",4,41,10,2020
"ATSEA",0.48,"F",4,44,10,2020
"ATSEA",0.68,"M",6,46,11,2020
"ATSEA",0.56,"M",6,44,11,2020
"ATSEA",0.51,"M",6,43,6,2020
"ATSEA",0.53,"M",6,47,5,2020
"ATSEA",0.48,"F",6,45,5,2020
"ATSEA",0.4,"M",6,41,5,2020
"ATSEA",0.39,"M",4,42,6,2020
"ATSEA",0.5,"F",6,44,6,2020
"ATSEA",0.53,"M",4,44,6,2020
"ATSEA",0.55,"F",6,45,6,2020
"ATSEA",0.4,"F",4,42,5,2020
"ATSEA",0.64,"M",12,51,5,2020
"ATSEA",0.39,"M",4,41,5,2020
"ATSEA",0.49,"F",4,45,5,2020
"ATSEA",0.49,"F",4,45,5,2020
"ATSEA",0.45,"M",5,44,6,2020
"ATSEA",0.69,"F",4,50,6,2020
"ATSEA",0.43,"F",6,43,5,2020
"ATSEA",0.5,"F",4,45,5,2020
"ATSEA",0.42,"M",6,44,5,2020
"ATSEA",0.5,"M",5,46,6,2020
"ATSEA",0.42,"M",6,43,5,2020
"ATSEA",0.54,"F",3,45,6,2020
"ATSEA",0.38,"M",4,41,6,2020
"ATSEA",0.47,"F",4,44,5,2020
"ATSEA",0.38,"M",3,40,5,2020
"ATSEA",0.4,"M",3,40,5,2020
"ATSEA",0.5,"M",10,45,6,2020
"ATSEA",0.47,"F",4,45,6,2020
"ATSEA",0.56,"F",10,45,6,2020
"ATSEA",0.45,"F",4,42,6,2020
"ATSEA",0.55,"F",6,45,5,2020
"ATSEA",0.52,"M",10,46,5,2020
"ATSEA",0.41,"M",6,40,6,2020
"ATSEA",0.53,"M",4,42,10,2020
"ATSEA",0.68,"M",10,48,10,2020
"ATSEA",0.65,"M",10,46,10,2020
"ATSEA",0.66,"F",10,48,10,2020
"ATSEA",0.53,"M",4,44,11,2020
"ATSEA",0.51,"M",4,43,10,2020
"ATSEA",0.63,"M",7,44,10,2020
"ATSEA",0.64,"M",10,50,10,2020
"ATSEA",0.77,"M",6,49,10,2020
"ATSEA",0.64,"M",6,48,11,2020
"ATSEA",0.62,"M",13,50,5,2020
"ATSEA",0.55,"F",10,46,5,2020
"ATSEA",0.48,"M",9,43,6,2020
"ATSEA",0.5,"M",4,45,6,2020
"ATSEA",0.55,"F",4,46,7,2020
"ATSEA",0.39,"M",4,40,5,2020
"ATSEA",0.58,"M",6,46,6,2020
"ATSEA",0.42,"F",5,45,5,2020
"ATSEA",0.4,"M",6,43,5,2020
"ATSEA",0.49,"F",3,43,5,2020
"ATSEA",0.39,"M",3,42,5,2020
"ATSEA",0.58,"M",10,47,5,2020
"ATSEA",0.38,"M",3,41,5,2020
"ATSEA",0.62,"F",10,48,5,2020
"ATSEA",0.66,"F",6,48,5,2020
"ATSEA",0.45,"M",4,43,5,2020
"ATSEA",0.44,"F",6,42,5,2020
"ATSEA",0.44,"M",6,42,5,2020
"ATSEA",0.5,"M",6,44,5,2020
"ATSEA",0.44,"M",6,43,5,2020
"ATSEA",0.43,"M",4,40,6,2020
"ATSEA",0.37,"M",4,37,6,2020
"ATSEA",0.57,"F",10,46,6,2020
"ATSEA",0.42,"M",3,39,6,2020
"ATSEA",0.48,"M",4,44,5,2020
"ATSEA",0.47,"F",4,43,5,2020
"ATSEA",0.4,"M",4,41,5,2020
"ATSEA",0.54,"M",10,45,5,2020
"ATSEA",0.47,"M",4,43,6,2020
"ATSEA",0.55,"F",4,46,6,2020
"ATSEA",0.49,"F",4,44,6,2020
"ATSEA",0.45,"M",4,42,6,2020
"ATSEA",0.42,"F",4,43,6,2020
"ATSEA",0.5,"F",6,45,6,2020
"ATSEA",0.54,"F",11,46,5,2020
"ATSEA",0.5,"F",4,46,6,2020
"ATSEA",0.52,"F",6,44,6,2020
"ATSEA",0.5,"F",6,45,6,2020
"ATSEA",0.42,"F",4,41,6,2020
"ATSEA",0.72,"F",10,49,10,2020
"ATSEA",0.58,"M",6,43,11,2020
"ATSEA",0.56,"M",4,44,11,2020
"ATSEA",0.62,"F",4,46,11,2020
"ATSEA",0.69,"M",6,48,10,2020
"ATSEA",0.67,"M",10,46,10,2020
"ATSEA",0.6,"M",8,46,11,2020
"ATSEA",0.58,"F",6,47,5,2020
"ATSEA",0.48,"F",6,44,5,2020
"ATSEA",0.47,"F",6,43,5,2020
"ATSEA",0.66,"M",10,51,6,2020
"ATSEA",0.42,"M",6,44,5,2020
"ATSEA",0.65,"M",6,49,6,2020
"ATSEA",0.46,"M",10,45,5,2020
"ATSEA",0.5,"M",5,43,5,2020
"ATSEA",0.5,"M",8,44,5,2020
"ATSEA",0.58,"M",6,47,6,2020
"ATSEA",0.54,"F",4,44,6,2020
"ATSEA",0.5,"F",6,44,5,2020
"ATSEA",0.52,"M",4,42,6,2020
"ATSEA",0.68,"M",6,51,5,2020
"ATSEA",0.56,"F",4,44,5,2020
"ATSEA",0.44,"M",4,40,5,2020
"ATSEA",0.46,"F",3,44,5,2020
"ATSEA",0.61,"M",4,47,6,2020
"ATSEA",0.52,"F",4,44,5,2020
"ATSEA",0.5,"M",10,46,5,2020
"ATSEA",0.52,"F",4,44,5,2020
"ATSEA",0.46,"M",4,43,6,2020
"ATSEA",0.56,"F",6,45,6,2020
"ATSEA",0.62,"M",9,45,6,2020
"ATSEA",0.5,"M",4,44,5,2020
"ATSEA",0.45,"M",4,44,6,2020
"ATSEA",0.44,"M",6,44,6,2020
"ATSEA",0.45,"M",4,42,5,2020
"ATSEA",0.44,"M",4,43,6,2020
"ATSEA",0.52,"M",4,44,11,2020
"ATSEA",0.51,"M",4,45,10,2020
"ATSEA",0.57,"M",6,43,10,2020
"ATSEA",0.67,"M",10,46,10,2020
"ATSEA",0.71,"M",12,46,11,2020
"ATSEA",0.63,"M",6,46,11,2020
"ATSEA",0.57,"M",9,46,6,2020
"ATSEA",0.49,"F",6,46,6,2020
"ATSEA",0.56,"M",6,47,5,2020
"ATSEA",0.55,"M",10,45,5,2020
"ATSEA",0.49,"M",9,46,5,2020
"ATSEA",0.38,"M",6,42,5,2020
"ATSEA",0.34,"M",3,40,5,2020
"ATSEA",0.56,"M",3,45,6,2020
"ATSEA",0.53,"M",8,44,6,2020
"ATSEA",0.48,"F",6,45,5,2020
"ATSEA",0.42,"F",4,42,5,2020
"ATSEA",0.6,"F",6,46,5,2020
"ATSEA",0.45,"M",6,42,6,2020
"ATSEA",0.5,"M",5,44,5,2020
"ATSEA",0.52,"F",4,46,5,2020
"ATSEA",0.53,"F",3,44,5,2020
"ATSEA",0.47,"M",6,43,5,2020
"ATSEA",0.5,"F",6,45,5,2020
"ATSEA",0.43,"F",4,42,5,2020
"ATSEA",0.56,"F",10,44,6,2020
"ATSEA",0.44,"M",6,43,6,2020
"ATSEA",0.62,"F",10,48,5,2020
"ATSEA",0.44,"M",4,43,5,2020
"ATSEA",0.47,"F",4,43,6,2020
"ATSEA",0.42,"M",4,41,6,2020
"ATSEA",0.34,"M",4,39,6,2020
"ATSEA",0.46,"M",6,44,6,2020
"ATSEA",0.37,"F",3,39,6,2020
"ATSEA",0.53,"F",4,45,6,2020
"ATSEA",0.53,"F",6,43,5,2020
"ATSEA",0.55,"M",10,47,6,2020
"ATSEA",0.6,"M",6,46,6,2020
"ATSEA",0.5,"F",4,44,5,2020
"ATSEA",0.5,"M",6,45,6,2020
"ATSEA",0.48,"F",4,44,6,2020
"ATSEA",0.52,"F",6,46,6,2020
"ATSEA",0.49,"F",11,45,6,2020
"ATSEA",0.58,"M",10,45,11,2020
"ATSEA",0.55,"F",4,45,10,2020
"ATSEA",0.66,"M",12,48,10,2020
"ATSEA",0.56,"F",4,45,10,2020
"ATSEA",0.55,"F",3,43,11,2020
"ATSEA",0.52,"M",4,45,11,2020
"ATSEA",0.48,"M",4,42,11,2020
"ATSEA",0.5,"M",4,41,10,2020
"ATSEA",0.59,"M",4,44,10,2020
"ATSEA",0.55,"M",4,42,10,2020
"ATSEA",0.62,"F",10,48,11,2020
"ATSEA",0.4,"M",4,41,5,2020
"ATSEA",0.54,"M",13,49,6,2020
"ATSEA",0.64,"M",4,49,6,2020
"ATSEA",0.49,"F",6,44,5,2020
"ATSEA",0.45,"M",4,44,5,2020
"ATSEA",0.45,"F",4,42,5,2020
"ATSEA",0.54,"M",6,46,6,2020
"ATSEA",0.48,"F",3,43,6,2020
"ATSEA",0.46,"F",6,44,5,2020
"ATSEA",0.48,"M",4,44,5,2020
"ATSEA",0.52,"M",10,46,5,2020
"ATSEA",0.44,"F",4,44,5,2020
"ATSEA",0.43,"M",4,44,5,2020
"ATSEA",0.53,"F",6,46,6,2020
"ATSEA",0.48,"F",8,46,5,2020
"ATSEA",0.6,"M",9,48,5,2020
"ATSEA",0.54,"F",6,44,5,2020
"ATSEA",0.47,"M",6,44,6,2020
"ATSEA",0.58,"F",4,45,6,2020
"ATSEA",0.53,"M",6,45,6,2020
"ATSEA",0.47,"M",10,44,6,2020
"ATSEA",0.81,"M",11,50,5,2020
"ATSEA",0.49,"M",7,44,5,2020
"ATSEA",0.64,"F",4,45,5,2020
"ATSEA",0.5,"M",6,43,5,2020
"ATSEA",0.52,"M",6,43,6,2020
"ATSEA",0.57,"F",6,46,6,2020
"ATSEA",0.5,"F",4,43,6,2020
"ATSEA",0.39,"M",4,41,5,2020
"ATSEA",0.4,"M",8,42,6,2020
"ATSEA",0.34,"M",4,40,6,2020
"ATSEA",0.46,"M",4,42,6,2020
"ATSEA",0.41,"F",4,41,5,2020
"ATSEA",0.41,"M",10,42,5,2020
"ATSEA",0.46,"F",4,43,6,2020
"ATSEA",0.35,"M",3,40,6,2020
"ATSEA",0.46,"F",8,46,5,2020
"ATSEA",0.55,"M",4,46,6,2020
"ATSEA",0.45,"M",6,43,5,2020
"ATSEA",0.57,"M",10,48,5,2020
"ATSEA",0.36,"M",5,41,5,2020
"ATSEA",0.45,"M",6,43,5,2020
"ATSEA",0.5,"M",4,43,5,2020
"ATSEA",0.43,"F",4,44,5,2020
"ATSEA",0.56,"M",3,45,6,2020
"ATSEA",0.51,"F",4,44,6,2020
"ATSEA",0.53,"F",6,46,5,2020
"ATSEA",0.48,"M",10,44,5,2020
"ATSEA",0.57,"F",10,47,6,2020
"ATSEA",0.48,"F",3,44,5,2020
"ATSEA",0.6,"F",6,48,5,2020
"ATSEA",0.56,"F",4,47,5,2020
"ATSEA",0.49,"M",6,44,5,2020
"ATSEA",0.38,"M",4,40,6,2020
"ATSEA",0.5,"F",4,46,5,2020
"ATSEA",0.42,"M",4,42,6,2020
"ATSEA",0.76,"F",5,50,5,2020
"ATSEA",0.49,"F",4,43,5,2020
"ATSEA",0.48,"M",6,43,6,2020
"ATSEA",0.43,"M",6,44,6,2020
"ATSEA",0.44,"F",3,41,6,2020
"ATSEA",0.46,"F",4,44,6,2020
"ATSEA",0.47,"M",6,42,6,2020
"ATSEA",0.66,"M",10,48,6,2020
"ATSEA",0.4,"F",4,41,5,2020
"ATSEA",0.52,"M",6,44,5,2020
"ATSEA",0.52,"F",6,46,6,2020
"ATSEA",0.44,"M",4,44,6,2020
"ATSEA",0.47,"M",4,44,6,2020
"ATSEA",0.56,"M",6,45,6,2020
"ATSEA",0.58,"M",6,44,10,2020
"ATSEA",0.54,"F",4,45,10,2020
"ATSEA",0.74,"F",12,48,11,2020
"ATSEA",0.62,"F",4,46,10,2020
"ATSEA",0.6,"M",3,45,11,2020
"ATSEA",0.49,"M",3,42,10,2020
"ATSEA",0.49,"M",7,42,11,2020
"ATSEA",0.58,"F",4,45,11,2020
"ATSEA",0.58,"F",6,44,11,2020
"ATSEA",0.64,"F",4,44,9,2020
"ATSEA",0.54,"M",9,46,9,2020
"ATSEA",0.7,"F",4,46,10,2020
"ATSEA",0.66,"F",6,46,10,2020
"ATSEA",0.7,"M",9,46,10,2020
"ATSEA",0.68,"F",4,47,10,2020
"ATSEA",0.55,"M",6,44,11,2020
"ATSEA",0.6,"M",6,45,11,2020
"ATSEA",0.61,"M",6,45,11,2020
"ATSEA",0.66,"M",4,45,11,2020
"ATSEA",0.42,"M",4,42,5,2020
"ATSEA",0.77,"F",6,50,6,2020
"ATSEA",0.5,"F",6,46,5,2020
"ATSEA",0.47,"M",5,41,5,2020
"ATSEA",0.61,"F",6,46,6,2020
"ATSEA",0.54,"F",6,46,6,2020
"ATSEA",0.48,"M",10,44,6,2020
"ATSEA",0.46,"M",6,42,5,2020
"ATSEA",0.58,"F",4,45,5,2020
"ATSEA",0.56,"M",6,46,5,2020
"ATSEA",0.53,"M",4,45,5,2020
"ATSEA",0.39,"M",4,41,6,2020
"ATSEA",0.54,"M",4,46,6,2020
"ATSEA",0.54,"F",4,46,5,2020
"ATSEA",0.54,"M",6,45,5,2020
"ATSEA",0.58,"F",4,47,5,2020
"ATSEA",0.46,"M",6,44,6,2020
"ATSEA",0.44,"F",4,42,6,2020
"ATSEA",0.48,"M",11,43,5,2020
"ATSEA",0.4,"F",6,41,5,2020
"ATSEA",0.35,"M",4,39,5,2020
"ATSEA",0.51,"F",4,45,6,2020
"ATSEA",0.46,"F",4,44,5,2020
"ATSEA",0.52,"F",6,45,5,2020
"ATSEA",0.38,"F",3,39,5,2020
"ATSEA",0.37,"F",4,38,5,2020
"ATSEA",0.44,"F",6,44,5,2020
"ATSEA",0.48,"F",6,43,5,2020
"ATSEA",0.53,"F",4,44,6,2020
"ATSEA",0.59,"F",4,47,6,2020
"ATSEA",0.52,"M",11,46,6,2020
"ATSEA",0.42,"F",4,42,5,2020
"ATSEA",1.19,"F",10,61,5,2020
"ATSEA",0.4,"F",3,41,6,2020
"ATSEA",0.49,"F",6,46,5,2020
"ATSEA",0.48,"F",4,43,6,2020
"ATSEA",0.47,"F",4,44,6,2020
"ATSEA",0.49,"M",6,45,6,2020
"ATSEA",0.58,"M",8,46,6,2020
"ATSEA",0.51,"F",6,44,6,2020
"ATSEA",0.41,"F",3,43,5,2020
"ATSEA",0.5,"M",10,46,5,2020
"ATSEA",0.52,"F",6,46,6,2020
"ATSEA",0.64,"F",9,47,6,2020
"ATSEA",0.45,"M",10,44,5,2020
"ATSEA",0.47,"F",4,42,5,2020
"ATSEA",0.54,"M",4,44,6,2020
"ATSEA",0.46,"F",4,43,6,2020
"ATSEA",0.54,"M",10,45,6,2020
"ATSEA",0.43,"M",4,44,6,2020
"ATSEA",0.44,"F",6,44,5,2020
"ATSEA",0.4,"M",4,42,5,2020
"ATSEA",0.54,"M",10,46,5,2020
"ATSEA",0.59,"M",8,47,5,2020
"ATSEA",0.67,"M",10,49,5,2020
"ATSEA",0.54,"F",4,46,5,2020
"ATSEA",0.58,"M",6,49,5,2020
"ATSEA",0.5,"F",6,45,5,2020
"ATSEA",0.52,"F",6,45,5,2020
"ATSEA",0.44,"M",4,41,6,2020
"ATSEA",0.43,"M",6,43,5,2020
"ATSEA",0.47,"M",6,46,5,2020
"ATSEA",0.48,"M",4,43,5,2020
"ATSEA",0.52,"M",6,44,6,2020
"ATSEA",0.58,"F",4,48,6,2020
"ATSEA",0.46,"F",4,42,5,2020
"ATSEA",0.4,"M",4,42,5,2020
"ATSEA",0.46,"M",6,43,5,2020
"ATSEA",0.58,"F",6,47,5,2020
"ATSEA",0.52,"M",4,45,6,2020
"ATSEA",0.99,"F",6,55,6,2020
"ATSEA",0.43,"F",4,43,5,2020
"ATSEA",0.5,"M",4,44,5,2020
"ATSEA",0.46,"M",4,43,6,2020
"ATSEA",0.58,"M",10,44,5,2020
"ATSEA",0.51,"F",4,45,6,2020
"ATSEA",0.44,"M",3,42,5,2020
"ATSEA",0.51,"F",12,46,6,2020
"ATSEA",0.6,"F",4,45,10,2020
"ATSEA",0.64,"M",6,46,10,2020
"ATSEA",0.59,"F",9,45,10,2020
"ATSEA",0.62,"M",6,45,10,2020
"ATSEA",0.58,"M",6,44,10,2020
"ATSEA",0.62,"F",4,46,11,2020
"ATSEA",0.6,"M",11,45,11,2020
"ATSEA",0.48,"F",10,44,5,2020
"ATSEA",0.35,"M",3,41,5,2020
"ATSEA",0.51,"M",6,44,6,2020
"ATSEA",0.43,"M",4,42,5,2020
"ATSEA",0.48,"M",4,44,5,2020
"ATSEA",0.42,"F",4,42,5,2020
"ATSEA",0.46,"F",6,46,5,2020
"ATSEA",0.58,"F",6,47,5,2020
"ATSEA",0.56,"F",4,47,5,2020
"ATSEA",0.48,"M",6,46,6,2020
"ATSEA",0.45,"F",3,42,6,2020
"ATSEA",0.3,"M",10,44,5,2020
"ATSEA",0.42,"M",4,43,6,2020
"ATSEA",0.47,"M",6,43,5,2020
"ATSEA",0.52,"F",4,44,6,2020
"ATSEA",0.42,"F",4,42,6,2020
"ATSEA",0.45,"F",4,42,5,2020
"ATSEA",0.41,"F",4,42,5,2020
"ATSEA",0.42,"M",6,41,5,2020
"ATSEA",0.48,"F",4,45,5,2020
"ATSEA",0.42,"M",4,43,5,2020
"ATSEA",0.46,"F",4,40,6,2020
"ATSEA",0.44,"F",6,43,6,2020
"ATSEA",0.65,"M",8,48,6,2020
"ATSEA",0.42,"F",4,47,6,2020
"ATSEA",0.63,"F",4,46,6,2020
"ATSEA",0.58,"M",6,46,6,2020
"ATSEA",0.4,"M",3,42,6,2020
"ATSEA",0.44,"M",4,43,5,2020
"ATSEA",0.43,"F",4,43,6,2020
"ATSEA",0.48,"M",5,41,6,2020
"ATSEA",0.52,"F",6,46,6,2020
"ATSEA",0.56,"F",6,46,5,2020
"ATSEA",0.43,"M",4,42,5,2020
"ATSEA",0.46,"F",6,45,6,2020
"ATSEA",0.48,"F",7,45,6,2020
"ATSEA",0.46,"F",6,45,6,2020
"ATSEA",0.55,"M",3,43,10,2020
"ATSEA",0.56,"M",6,43,10,2020
"ATSEA",0.61,"M",4,45,10,2020
"ATSEA",0.66,"M",4,46,10,2020
"ATSEA",0.48,"M",3,41,10,2020
"ATSEA",0.56,"M",4,42,11,2020
"ATSEA",0.58,"M",3,45,11,2020
"ATSEA",0.58,"F",4,46,10,2020
"ATSEA",0.6,"M",12,46,10,2020
"ATSEA",0.61,"M",4,45,11,2020
"ATSEA",0.54,"M",4,43,11,2020
"ATSEA",0.62,"M",4,46,11,2020
"ATSEA",0.53,"F",4,45,11,2020
"ATSEA",0.49,"F",4,44,5,2020
"ATSEA",0.56,"M",10,46,5,2020
"ATSEA",0.36,"F",3,40,5,2020
"ATSEA",0.46,"M",4,43,5,2020
"ATSEA",0.64,"F",6,47,5,2020
"ATSEA",0.42,"M",4,41,5,2020
"ATSEA",0.46,"F",4,43,6,2020
"ATSEA",0.45,"F",6,43,5,2020
"ATSEA",0.46,"F",4,45,5,2020
"ATSEA",0.45,"F",6,43,5,2020
"ATSEA",0.42,"F",5,42,5,2020
"ATSEA",0.51,"F",6,44,5,2020
"ATSEA",0.46,"M",6,43,5,2020
"ATSEA",0.42,"M",4,43,6,2020
"ATSEA",0.58,"F",4,46,6,2020
"ATSEA",0.87,"F",10,53,6,2020
"ATSEA",0.45,"F",4,44,6,2020
"ATSEA",0.48,"M",4,44,6,2020
"ATSEA",0.49,"M",6,45,5,2020
"ATSEA",0.5,"F",4,45,5,2020
"ATSEA",0.59,"F",6,47,6,2020
"ATSEA",0.46,"M",7,44,5,2020
"ATSEA",0.47,"M",4,43,6,2020
"ATSEA",0.58,"F",8,45,10,2020
"ATSEA",0.72,"F",4,47,10,2020
"ATSEA",0.57,"M",4,44,11,2020
"ATSEA",0.5,"M",6,43,9,2020
"ATSEA",0.58,"M",4,45,11,2020
"ATSEA",0.66,"M",7,46,11,2020
"ATSEA",0.68,"F",6,47,11,2020
"ATSEA",0.64,"M",10,44,11,2020
"ATSEA",0.38,"F",4,42,5,2020
"ATSEA",0.49,"M",6,45,5,2020
"ATSEA",0.45,"F",4,44,5,2020
"ATSEA",0.34,"M",6,42,5,2020
"ATSEA",0.44,"M",6,44,5,2020
"ATSEA",0.6,"F",10,49,6,2020
"ATSEA",0.54,"F",6,46,6,2020
"ATSEA",0.4,"M",4,42,5,2020
"ATSEA",0.58,"F",4,47,5,2020
"ATSEA",0.44,"M",6,44,6,2020
"ATSEA",0.43,"F",6,42,6,2020
"ATSEA",0.66,"F",4,49,5,2020
"ATSEA",0.51,"M",4,43,5,2020
"ATSEA",0.52,"M",3,45,5,2020
"ATSEA",0.48,"M",4,44,5,2020
"ATSEA",0.4,"F",4,41,5,2020
"ATSEA",0.54,"M",10,44,5,2020
"ATSEA",0.46,"M",4,43,6,2020
"ATSEA",0.4,"M",3,40,5,2020
"ATSEA",0.41,"F",3,41,6,2020
"ATSEA",0.68,"M",10,48,6,2020
"ATSEA",0.44,"F",4,43,6,2020
"ATSEA",0.45,"M",4,43,5,2020
"ATSEA",0.51,"M",6,45,5,2020
"ATSEA",0.5,"F",6,45,5,2020
"ATSEA",0.42,"M",4,42,5,2020
"ATSEA",0.47,"M",4,45,5,2020
"ATSEA",0.39,"F",4,41,6,2020
"ATSEA",0.48,"M",9,44,6,2020
"ATSEA",0.47,"M",4,43,6,2020
"ATSEA",0.46,"F",6,45,5,2020
"ATSEA",0.52,"M",6,45,5,2020
"ATSEA",0.6,"F",6,47,6,2020
"ATSEA",0.46,"F",4,42,5,2020
"ATSEA",0.43,"M",3,43,5,2020
"ATSEA",0.57,"M",4,45,10,2020
"ATSEA",0.59,"F",4,45,11,2020
"ATSEA",0.55,"F",4,44,11,2020
"ATSEA",0.5,"M",6,43,10,2020
"ATSEA",0.8,"F",9,49,10,2020
"ATSEA",0.55,"M",6,44,10,2020
"ATSEA",0.44,"M",4,42,11,2020
"ATSEA",0.64,"M",6,46,11,2020
"ATSEA",0.64,"F",6,44,9,2020
"ATSEA",0.58,"M",6,44,9,2020
"ATSEA",0.62,"M",6,46,11,2020
"ATSEA",0.49,"M",8,43,10,2020
"ATSEA",0.45,"M",4,42,11,2020
"ATSEA",0.62,"M",4,43,11,2020
"ATSEA",0.5,"M",6,45,10,2020
"ATSEA",0.54,"F",6,45,10,2020
"ATSEA",0.5,"M",4,42,10,2020
"ATSEA",0.48,"M",3,42,11,2020
"ATSEA",0.7,"F",10,50,5,2020
"ATSEA",0.39,"M",3,40,5,2020
"ATSEA",0.51,"M",4,46,5,2020
"ATSEA",0.57,"F",10,46,5,2020
"ATSEA",0.47,"F",3,45,5,2020
"ATSEA",0.45,"F",4,42,5,2020
"ATSEA",0.38,"M",4,39,5,2020
"ATSEA",0.5,"M",10,45,5,2020
"ATSEA",0.69,"F",9,49,7,2020
"ATSEA",0.49,"F",4,43,5,2020
"ATSEA",0.4,"M",10,43,6,2020
"ATSEA",0.44,"M",6,42,5,2020
"ATSEA",0.5,"F",4,43,6,2020
"ATSEA",0.68,"F",10,48,5,2020
"ATSEA",0.48,"F",4,43,5,2020
"ATSEA",0.46,"F",3,43,5,2020
"ATSEA",0.48,"M",4,43,6,2020
"ATSEA",0.43,"F",4,40,6,2020
"ATSEA",0.51,"F",6,45,6,2020
"ATSEA",0.45,"F",6,44,5,2020
"ATSEA",0.68,"F",11,52,5,2020
"ATSEA",0.42,"M",4,41,6,2020
"ATSEA",0.46,"F",10,43,6,2020
"ATSEA",0.42,"F",4,41,6,2020
"ATSEA",0.5,"F",6,45,6,2020
"ATSEA",0.72,"F",10,49,6,2020
"ATSEA",0.56,"M",10,46,6,2020
"ATSEA",0.39,"M",3,41,5,2020
"ATSEA",0.58,"F",6,45,6,2020
"ATSEA",0.44,"F",4,43,6,2020
"ATSEA",0.55,"M",6,45,6,2020
"ATSEA",0.5,"F",4,44,6,2020
"ATSEA",0.56,"F",6,45,5,2020
"ATSEA",0.51,"F",4,45,6,2020
"ATSEA",0.51,"F",4,44,6,2020
"ATSEA",0.46,"M",4,43,5,2020
"ATSEA",0.42,"F",4,42,5,2020
"ATSEA",0.44,"M",4,42,6,2020
"ATSEA",0.52,"M",3,45,6,2020
"ATSEA",0.45,"M",6,43,6,2020
"ATSEA",0.56,"M",10,46,5,2020
"ATSEA",0.55,"M",6,46,5,2020
"ATSEA",0.41,"M",4,42,5,2020
"ATSEA",0.49,"F",4,43,5,2020
"ATSEA",0.46,"F",4,44,6,2020
"ATSEA",0.52,"F",3,42,10,2020
"ATSEA",0.58,"M",4,43,10,2020
"ATSEA",0.55,"F",4,43,11,2020
"ATSEA",0.54,"M",10,44,11,2020
"ATSEA",0.61,"M",4,46,10,2020
"ATSEA",0.65,"M",8,44,10,2020
"ATSEA",0.68,"M",4,45,11,2020
"ATSEA",0.55,"M",6,43,11,2020
"ATSEA",0.58,"M",10,46,11,2020
"ATSEA",0.56,"F",6,46,11,2020
"ATSEA",0.46,"M",4,43,5,2020
"ATSEA",0.4,"F",4,42,5,2020
"ATSEA",0.34,"M",6,43,5,2020
"ATSEA",0.53,"F",6,45,6,2020
"ATSEA",0.62,"M",10,47,6,2020
"ATSEA",0.43,"M",4,43,5,2020
"ATSEA",0.44,"F",4,44,5,2020
"ATSEA",0.57,"F",6,47,6,2020
"ATSEA",0.5,"F",6,45,6,2020
"ATSEA",0.46,"F",3,43,5,2020
"ATSEA",0.54,"M",8,47,5,2020
"ATSEA",0.46,"M",6,43,5,2020
"ATSEA",0.34,"M",3,37,5,2020
"ATSEA",0.41,"M",4,43,5,2020
"ATSEA",0.52,"M",6,45,6,2020
"ATSEA",0.48,"M",10,45,6,2020
"ATSEA",0.5,"F",4,43,6,2020
"ATSEA",0.54,"F",6,46,5,2020
"ATSEA",0.44,"M",4,43,5,2020
"ATSEA",0.54,"F",6,46,5,2020
"ATSEA",0.52,"M",4,43,5,2020
"ATSEA",0.48,"F",8,44,5,2020
"ATSEA",0.49,"M",7,46,5,2020
"ATSEA",0.46,"F",4,43,6,2020
"ATSEA",0.47,"M",4,43,6,2020
"ATSEA",0.43,"M",4,41,6,2020
"ATSEA",0.52,"M",10,44,6,2020
"ATSEA",0.48,"F",3,43,5,2020
"ATSEA",0.47,"F",4,44,5,2020
"ATSEA",0.48,"M",6,45,5,2020
"ATSEA",0.46,"F",6,43,6,2020
"ATSEA",0.44,"M",3,42,6,2020
"ATSEA",0.51,"F",4,45,6,2020
"ATSEA",0.54,"F",10,45,6,2020
"ATSEA",0.5,"M",6,44,6,2020
"ATSEA",0.37,"M",3,41,5,2020
"ATSEA",0.51,"F",6,45,5,2020
"ATSEA",0.46,"F",4,44,6,2020
"ATSEA",0.46,"M",6,45,6,2020
"ATSEA",0.45,"F",4,44,5,2020
"ATSEA",0.51,"M",4,43,6,2020
"ATSEA",0.51,"M",12,45,6,2020
"ATSEA",0.52,"F",4,44,6,2020
"ATSEA",0.47,"F",4,43,6,2020
"ATSEA",0.41,"M",4,42,5,2020
"ATSEA",0.46,"F",6,45,5,2020
"ATSEA",0.42,"F",4,43,5,2020
"ATSEA",0.4,"F",4,42,5,2020
"ATSEA",0.48,"F",3,42,7,2020
"ATSEA",0.42,"F",6,43,5,2020
"ATSEA",0.44,"M",4,42,6,2020
"ATSEA",0.54,"M",6,47,5,2020
"ATSEA",0.48,"M",4,43,5,2020
"ATSEA",0.49,"F",4,43,5,2020
"ATSEA",0.38,"M",4,40,6,2020
"ATSEA",0.62,"F",6,46,6,2020
"ATSEA",0.54,"M",6,47,5,2020
"ATSEA",0.48,"F",4,43,5,2020
"ATSEA",0.48,"F",4,44,6,2020
"ATSEA",0.44,"F",4,42,6,2020
"ATSEA",0.5,"M",10,45,5,2020
"ATSEA",0.45,"F",4,41,6,2020
"ATSEA",0.44,"M",4,40,6,2020
"ATSEA",0.4,"F",3,40,6,2020
"ATSEA",0.55,"F",6,47,5,2020
"ATSEA",0.54,"M",10,44,5,2020
"ATSEA",0.49,"F",5,44,5,2020
"ATSEA",0.56,"F",9,46,6,2020
"ATSEA",0.58,"F",7,46,6,2020
"ATSEA",0.62,"M",6,46,6,2020
"ATSEA",0.41,"F",4,43,6,2020
"ATSEA",0.55,"F",4,43,6,2020
"ATSEA",0.37,"F",4,42,5,2020
"ATSEA",0.5,"F",4,45,6,2020
"ATSEA",0.41,"M",3,42,6,2020
"ATSEA",0.49,"M",4,44,6,2020
"ATSEA",0.52,"F",6,45,6,2020
"ATSEA",0.44,"F",4,42,5,2020
"ATSEA",0.51,"F",6,45,6,2020
"ATSEA",0.4,"F",6,41,5,2020
"ATSEA",0.43,"M",4,42,6,2020
"ATSEA",0.58,"F",10,43,10,2020
"ATSEA",0.56,"M",4,45,10,2020
"ATSEA",0.76,"M",7,48,11,2020
"ATSEA",0.52,"M",4,43,10,2020
"ATSEA",0.58,"F",4,44,11,2020
"ATSEA",0.62,"F",6,45,9,2020
"ATSEA",0.72,"F",6,46,10,2020
"ATSEA",0.64,"M",10,47,10,2020
"ATSEA",0.52,"F",4,44,10,2020
"ATSEA",0.64,"M",6,45,11,2020
"ATSEA",0.56,"M",6,44,11,2020
"ATSEA",0.65,"M",6,44,11,2020
"ATSEA",0.56,"M",10,45,6,2020
"ATSEA",0.39,"F",8,42,5,2020
"ATSEA",0.44,"M",6,44,5,2020
"ATSEA",0.62,"F",10,46,6,2020
"ATSEA",0.54,"F",4,44,6,2020
"ATSEA",0.57,"F",7,49,6,2020
"ATSEA",0.3,"M",3,43,5,2020
"ATSEA",0.57,"F",4,47,6,2020
"ATSEA",0.52,"F",3,43,5,2020
"ATSEA",0.44,"M",4,43,5,2020
"ATSEA",0.5,"M",6,43,5,2020
"ATSEA",0.52,"M",6,44,5,2020
"ATSEA",0.46,"F",4,43,5,2020
"ATSEA",0.46,"M",6,46,5,2020
"ATSEA",0.42,"F",6,44,6,2020
"ATSEA",0.48,"M",6,44,6,2020
"ATSEA",0.51,"M",6,45,5,2020
"ATSEA",0.43,"F",4,43,5,2020
"ATSEA",0.53,"M",6,44,5,2020
"ATSEA",0.48,"M",4,43,6,2020
"ATSEA",0.64,"F",10,47,6,2020
"ATSEA",0.45,"F",4,41,6,2020
"ATSEA",0.44,"M",4,43,5,2020
"ATSEA",0.55,"F",4,44,5,2020
"ATSEA",0.47,"M",6,45,5,2020
"ATSEA",0.56,"M",10,46,5,2020
"ATSEA",0.43,"F",4,42,6,2020
"ATSEA",0.91,"F",9,54,6,2020
"ATSEA",0.52,"M",10,46,6,2020
"ATSEA",0.48,"M",6,45,5,2020
"ATSEA",0.58,"M",10,46,6,2020
"ATSEA",1.01,"M",14,55,6,2020
"ATSEA",0.6,"M",6,47,6,2020
"ATSEA",0.56,"M",10,48,6,2020
"ATSEA",0.54,"M",10,47,5,2020
"ATSEA",0.71,"F",10,50,6,2020
"ATSEA",0.5,"M",8,46,6,2020
"ATSEA",0.54,"F",6,46,6,2020
"ATSEA",0.35,"F",4,40,5,2020
"ATSEA",0.5,"M",10,47,5,2020
"ATSEA",0.43,"M",4,43,6,2020
"ATSEA",0.6,"M",10,48,5,2020
"ATSEA",0.46,"M",6,42,5,2020
"ATSEA",0.47,"M",4,45,5,2020
"ATSEA",0.45,"M",4,44,5,2020
"ATSEA",0.58,"M",6,47,5,2020
"ATSEA",0.51,"F",4,44,6,2020
"ATSEA",0.38,"F",3,39,5,2020
"ATSEA",0.46,"M",6,45,5,2020
"ATSEA",0.5,"M",5,47,5,2020
"ATSEA",0.52,"M",6,46,5,2020
"ATSEA",0.48,"M",4,44,5,2020
"ATSEA",0.54,"M",10,45,5,2020
"ATSEA",0.87,"F",6,52,6,2020
"ATSEA",0.45,"M",3,43,5,2020
"ATSEA",0.42,"F",4,43,5,2020
"ATSEA",0.5,"M",6,44,5,2020
"ATSEA",0.52,"F",6,47,6,2020
"ATSEA",0.52,"M",10,42,6,2020
"ATSEA",0.42,"M",3,42,6,2020
"ATSEA",0.39,"M",4,39,5,2020
"ATSEA",0.5,"F",4,45,6,2020
"ATSEA",0.86,"F",6,50,10,2020
"ATSEA",0.63,"F",6,44,10,2020
"ATSEA",0.64,"M",4,45,11,2020
"ATSEA",0.54,"M",4,45,11,2020
"ATSEA",0.76,"F",6,47,11,2020
"ATSEA",0.44,"F",5,43,5,2020
"ATSEA",0.4,"M",4,42,5,2020
"ATSEA",0.4,"M",4,43,5,2020
"ATSEA",0.56,"F",3,45,6,2020
"ATSEA",0.38,"M",4,41,6,2020
"ATSEA",0.63,"M",10,50,6,2020
"ATSEA",0.65,"F",4,45,5,2020
"ATSEA",0.4,"F",4,42,5,2020
"ATSEA",0.34,"F",4,38,5,2020
"ATSEA",0.39,"M",8,44,5,2020
"ATSEA",0.5,"M",6,44,5,2020
"ATSEA",0.42,"M",4,43,5,2020
"ATSEA",0.4,"M",4,41,5,2020
"ATSEA",0.46,"M",4,43,5,2020
"ATSEA",0.47,"F",4,43,5,2020
"ATSEA",0.52,"F",4,43,5,2020
"ATSEA",0.42,"F",4,42,5,2020
"ATSEA",0.56,"F",9,49,5,2020
"ATSEA",0.42,"M",6,43,6,2020
"ATSEA",0.43,"M",4,43,6,2020
"ATSEA",0.84,"M",6,51,5,2020
"ATSEA",0.44,"F",3,42,6,2020
"ATSEA",0.36,"M",4,40,6,2020
"ATSEA",0.5,"M",10,44,5,2020
"ATSEA",0.5,"M",6,44,6,2020
"ATSEA",0.43,"F",6,43,5,2020
"ATSEA",0.54,"F",10,46,5,2020
"ATSEA",0.52,"F",4,46,5,2020
"ATSEA",0.52,"M",6,46,5,2020
"ATSEA",0.42,"F",4,41,6,2020
"ATSEA",0.42,"M",10,44,6,2020
"ATSEA",0.55,"F",8,45,6,2020
"ATSEA",0.45,"M",4,43,6,2020
"ATSEA",0.42,"M",4,42,5,2020
"ATSEA",0.48,"M",4,43,6,2020
"ATSEA",0.52,"M",10,46,6,2020
"ATSEA",0.35,"M",3,40,5,2020
"ATSEA",0.43,"M",6,43,5,2020
"ATSEA",0.52,"F",4,44,5,2020
"ATSEA",0.47,"M",4,44,5,2020
"ATSEA",0.44,"F",4,42,6,2020
"ATSEA",0.42,"M",4,41,6,2020
"ATSEA",0.62,"F",4,45,10,2020
"ATSEA",0.6,"M",6,44,11,2020
"ATSEA",0.68,"M",10,48,11,2020
"ATSEA",0.59,"M",4,44,10,2020
"ATSEA",0.61,"F",6,43,11,2020
"ATSEA",0.58,"F",10,45,10,2020
"ATSEA",0.5,"F",4,42,10,2020
"ATSEA",0.58,"F",10,45,11,2020
"ATSEA",0.49,"M",6,43,6,2020
"ATSEA",0.42,"F",3,41,5,2020
"ATSEA",0.47,"M",6,43,5,2020
"ATSEA",0.51,"M",4,45,6,2020
"ATSEA",0.6,"F",6,48,6,2020
"ATSEA",0.48,"M",6,44,5,2020
"ATSEA",0.38,"M",4,40,5,2020
"ATSEA",0.56,"F",10,47,6,2020
"ATSEA",0.48,"F",6,42,5,2020
"ATSEA",0.44,"F",4,41,5,2020
"ATSEA",0.54,"M",4,47,5,2020
"ATSEA",0.44,"F",7,42,6,2020
"ATSEA",0.43,"F",4,42,6,2020
"ATSEA",0.5,"F",4,45,5,2020
"ATSEA",0.46,"M",4,44,5,2020
"ATSEA",0.44,"M",4,44,5,2020
"ATSEA",0.56,"M",6,45,5,2020
"ATSEA",0.46,"F",4,42,6,2020
"ATSEA",0.46,"F",4,41,6,2020
"ATSEA",0.38,"F",3,41,5,2020
"ATSEA",0.32,"M",3,36,5,2020
"ATSEA",0.51,"F",3,45,5,2020
"ATSEA",0.45,"F",4,42,5,2020
"ATSEA",0.46,"F",6,43,5,2020
"ATSEA",0.5,"M",4,43,6,2020
"ATSEA",0.44,"M",4,42,6,2020
"ATSEA",0.51,"F",6,44,6,2020
"ATSEA",0.64,"F",10,50,6,2020
"ATSEA",0.6,"F",10,47,6,2020
"ATSEA",0.49,"M",6,44,5,2020
"ATSEA",0.52,"M",10,45,5,2020
"ATSEA",0.5,"M",6,45,5,2020
"ATSEA",0.46,"M",6,45,5,2020
"ATSEA",0.45,"F",10,45,6,2020
"ATSEA",0.46,"M",6,45,6,2020
"ATSEA",0.47,"F",4,43,6,2020
"ATSEA",0.49,"F",5,44,6,2020
"ATSEA",0.58,"F",4,46,5,2020
"ATSEA",0.56,"M",6,46,6,2020
"ATSEA",0.62,"M",10,46,6,2020
"ATSEA",0.7,"M",10,50,5,2020
"ATSEA",0.49,"M",4,43,6,2020
"ATSEA",0.49,"M",6,45,5,2020
"ATSEA",0.43,"M",4,41,5,2020
"ATSEA",0.42,"M",4,42,6,2020
"ATSEA",0.46,"M",4,42,6,2020
"ATSEA",0.5,"M",10,45,6,2020
"ATSEA",0.5,"M",4,43,6,2020
"ATSEA",0.57,"F",6,46,6,2020
"ATSEA",0.44,"F",4,43,6,2020
"ATSEA",0.35,"M",3,41,5,2020
"ATSEA",1.01,"F",6,55,6,2020
"ATSEA",0.37,"M",4,40,5,2020
"ATSEA",0.41,"M",3,41,6,2020
"ATSEA",0.47,"M",6,44,6,2020
"ATSEA",0.49,"F",4,42,5,2020
"ATSEA",0.48,"F",3,43,5,2020
"ATSEA",0.5,"M",6,45,5,2020
"ATSEA",0.45,"F",4,43,5,2020
"ATSEA",0.47,"M",4,44,5,2020
"ATSEA",0.54,"F",7,46,6,2020
"ATSEA",0.4,"M",3,41,6,2020
"ATSEA",0.55,"F",4,46,5,2020
"ATSEA",0.53,"F",6,45,5,2020
"ATSEA",0.49,"M",6,44,5,2020
"ATSEA",0.47,"F",6,43,5,2020
"ATSEA",0.57,"M",10,45,6,2020
"ATSEA",0.4,"M",6,40,6,2020
"ATSEA",0.55,"F",8,46,5,2020
"ATSEA",0.48,"M",6,43,5,2020
"ATSEA",0.46,"M",4,44,5,2020
"ATSEA",0.48,"M",6,43,5,2020
"ATSEA",0.5,"M",6,44,5,2020
"ATSEA",0.5,"F",6,45,5,2020
"ATSEA",0.52,"M",6,47,5,2020
"ATSEA",0.58,"M",10,47,6,2020
"ATSEA",0.46,"F",6,43,6,2020
"ATSEA",0.5,"M",6,45,6,2020
"ATSEA",0.56,"M",4,47,6,2020
"ATSEA",0.52,"F",4,46,5,2020
"ATSEA",0.44,"M",10,44,6,2020
"ATSEA",0.46,"F",4,42,6,2020
"ATSEA",0.56,"F",4,45,6,2020
"ATSEA",0.4,"M",4,42,6,2020
"ATSEA",0.51,"M",9,44,5,2020
"ATSEA",0.46,"F",4,43,6,2020
"ATSEA",0.52,"F",4,46,6,2020
"ATSEA",0.45,"F",3,43,6,2020
"ATSEA",0.46,"M",6,41,9,2020
"ATSEA",0.8,"M",10,49,10,2020
"ATSEA",0.88,"M",10,45,10,2020
"ATSEA",0.56,"M",4,42,10,2020
"ATSEA",0.67,"M",6,46,11,2020
"ATSEA",0.6,"F",3,45,10,2020
"ATSEA",0.65,"F",4,44,10,2020
"ATSEA",0.56,"M",4,44,11,2020
"ATSEA",0.55,"M",6,43,11,2020
"ATSEA",0.56,"M",6,45,11,2020
"ATSEA",0.75,"F",6,48,11,2020
"ATSEA",0.64,"M",4,45,11,2020
"ATSEA",0.54,"F",6,46,5,2020
"ATSEA",0.48,"M",4,43,5,2020
"ATSEA",0.52,"M",6,45,5,2020
"ATSEA",0.51,"M",4,44,6,2020
"ATSEA",0.42,"F",4,43,7,2020
"ATSEA",0.53,"M",6,45,5,2020
"ATSEA",0.45,"F",6,42,5,2020
"ATSEA",0.48,"F",6,42,5,2020
"ATSEA",0.46,"M",6,43,5,2020
"ATSEA",0.42,"F",4,43,5,2020
"ATSEA",0.49,"M",4,46,5,2020
"ATSEA",0.5,"F",6,46,5,2020
"ATSEA",0.43,"F",3,42,6,2020
"ATSEA",0.56,"F",6,48,6,2020
"ATSEA",0.46,"M",4,42,5,2020
"ATSEA",0.52,"M",10,45,5,2020
"ATSEA",0.54,"M",7,45,5,2020
"ATSEA",0.58,"F",6,46,6,2020
"ATSEA",0.42,"M",4,42,6,2020
"ATSEA",0.43,"M",6,42,5,2020
"ATSEA",0.61,"F",10,48,5,2020
"ATSEA",0.53,"M",10,46,5,2020
"ATSEA",0.45,"M",3,42,5,2020
"ATSEA",0.38,"F",4,40,5,2020
"ATSEA",0.47,"M",4,44,5,2020
"ATSEA",0.38,"M",4,40,5,2020
"ATSEA",0.38,"M",4,41,5,2020
"ATSEA",0.5,"F",4,42,5,2020
"ATSEA",0.46,"M",10,45,6,2020
"ATSEA",0.47,"F",4,43,6,2020
"ATSEA",0.79,"F",6,52,6,2020
"ATSEA",0.51,"F",4,46,6,2020
"ATSEA",0.46,"M",4,44,6,2020
"ATSEA",0.63,"F",12,49,5,2020
"ATSEA",0.58,"M",10,47,5,2020
"ATSEA",0.46,"F",4,44,5,2020
"ATSEA",0.58,"F",6,45,6,2020
"ATSEA",0.6,"M",11,47,10,2020
"ATSEA",0.51,"M",4,44,10,2020
"ATSEA",0.63,"M",10,47,10,2020
"ATSEA",0.7,"M",10,46,10,2020
"ATSEA",0.44,"M",6,43,10,2020
"ATSEA",0.58,"F",3,45,11,2020
"ATSEA",0.57,"M",4,43,10,2020
"ATSEA",0.55,"M",4,43,11,2020
"ATSEA",0.61,"M",6,45,10,2020
"ATSEA",0.62,"M",6,44,11,2020
"ATSEA",0.64,"M",6,46,11,2020
"ATSEA",0.86,"M",6,53,5,2020
"ATSEA",0.34,"F",4,42,5,2020
"ATSEA",0.45,"F",4,42,5,2020
"ATSEA",0.48,"F",5,45,5,2020
"ATSEA",0.38,"F",6,42,5,2020
"ATSEA",0.5,"M",6,42,5,2020
"ATSEA",0.48,"M",4,42,6,2020
"ATSEA",0.52,"F",6,45,6,2020
"ATSEA",0.48,"F",6,43,5,2020
"ATSEA",0.5,"M",3,44,5,2020
"ATSEA",0.48,"F",6,45,5,2020
"ATSEA",0.4,"M",4,41,5,2020
"ATSEA",0.58,"F",6,46,5,2020
"ATSEA",0.47,"M",6,45,5,2020
"ATSEA",0.54,"M",6,45,5,2020
"ATSEA",0.5,"F",6,44,6,2020
"ATSEA",0.58,"F",3,45,6,2020
"ATSEA",0.51,"F",4,45,5,2020
"ATSEA",0.62,"F",6,48,5,2020
"ATSEA",0.57,"F",6,46,5,2020
"ATSEA",0.54,"F",4,44,5,2020
"ATSEA",0.46,"M",4,44,5,2020
"ATSEA",0.48,"M",8,44,6,2020
"ATSEA",0.52,"F",6,45,5,2020
"ATSEA",0.52,"F",4,44,6,2020
"ATSEA",0.47,"M",4,44,6,2020
"ATSEA",0.56,"M",6,43,6,2020
"ATSEA",0.4,"M",4,41,6,2020
"ATSEA",0.47,"F",4,44,5,2020
"ATSEA",0.46,"F",4,44,5,2020
"ATSEA",0.39,"F",4,41,6,2020
"ATSEA",0.61,"F",6,46,5,2020
"ATSEA",0.47,"M",4,43,6,2020
"ATSEA",0.49,"M",6,44,6,2020
"ATSEA",0.56,"F",4,43,9,2020
"ATSEA",0.48,"F",6,45,10,2020
"ATSEA",0.6,"M",4,45,10,2020
"ATSEA",0.6,"M",6,45,11,2020
"ATSEA",0.49,"M",6,44,10,2020
"ATSEA",0.52,"F",3,44,11,2020
"ATSEA",0.48,"M",4,41,10,2020
"ATSEA",0.62,"M",6,46,10,2020
"ATSEA",0.51,"M",6,42,11,2020
"ATSEA",0.6,"F",6,47,6,2020
"ATSEA",0.52,"M",10,46,5,2020
"ATSEA",0.5,"F",4,43,5,2020
"ATSEA",0.46,"M",10,44,5,2020
"ATSEA",0.4,"F",4,41,5,2020
"ATSEA",0.48,"F",4,43,6,2020
"ATSEA",0.51,"F",6,45,6,2020
"ATSEA",0.48,"F",4,43,6,2020
"ATSEA",0.47,"M",5,45,6,2020
"ATSEA",0.62,"F",10,49,5,2020
"ATSEA",0.48,"M",6,44,5,2020
"ATSEA",0.44,"M",4,41,6,2020
"ATSEA",0.47,"M",6,45,5,2020
"ATSEA",0.45,"M",4,42,5,2020
"ATSEA",0.43,"F",4,42,5,2020
"ATSEA",0.46,"M",6,44,5,2020
"ATSEA",0.58,"F",6,46,5,2020
"ATSEA",0.48,"F",4,44,5,2020
"ATSEA",0.46,"F",5,43,5,2020
"ATSEA",0.47,"F",6,43,5,2020
"ATSEA",0.52,"F",4,45,5,2020
"ATSEA",0.64,"M",12,50,6,2020
"ATSEA",0.5,"F",6,46,6,2020
"ATSEA",0.5,"M",4,46,6,2020
"ATSEA",0.46,"M",4,43,6,2020
"ATSEA",0.48,"F",4,45,6,2020
"ATSEA",0.79,"M",10,52,6,2020
"ATSEA",0.69,"F",8,52,6,2020
"ATSEA",0.44,"F",3,43,5,2020
"ATSEA",0.54,"M",10,45,5,2020
"ATSEA",0.44,"F",3,41,5,2020
"ATSEA",0.42,"F",4,43,5,2020
"ATSEA",0.56,"F",7,45,6,2020
"ATSEA",0.43,"F",4,43,5,2020
"ATSEA",0.57,"M",10,46,5,2020
"ATSEA",0.57,"M",9,45,10,2020
"ATSEA",0.6,"M",6,46,10,2020
"ATSEA",0.56,"M",6,42,10,2020
"ATSEA",0.58,"F",9,45,10,2020
"ATSEA",0.51,"F",6,44,10,2020
"ATSEA",0.52,"M",4,43,11,2020
"ATSEA",0.56,"M",4,45,11,2020
"ATSEA",0.69,"M",6,46,10,2020
"ATSEA",0.58,"M",6,43,10,2020
"ATSEA",0.59,"F",10,46,10,2020
"ATSEA",0.48,"F",4,45,5,2020
"ATSEA",0.38,"F",6,44,5,2020
"ATSEA",0.48,"F",4,44,5,2020
"ATSEA",0.48,"M",6,46,5,2020
"ATSEA",0.48,"M",9,45,6,2020
"ATSEA",0.61,"M",9,49,6,2020
"ATSEA",0.41,"F",3,42,5,2020
"ATSEA",0.4,"F",4,41,6,2020
"ATSEA",0.38,"M",5,40,6,2020
"ATSEA",0.53,"M",10,47,6,2020
"ATSEA",0.52,"F",4,45,5,2020
"ATSEA",0.38,"M",6,41,5,2020
"ATSEA",0.42,"M",4,41,5,2020
"ATSEA",0.47,"F",6,44,5,2020
"ATSEA",0.4,"M",6,43,5,2020
"ATSEA",0.42,"M",3,42,5,2020
"ATSEA",0.54,"M",10,46,6,2020
"ATSEA",0.42,"M",3,42,5,2020
"ATSEA",0.5,"F",4,45,5,2020
"ATSEA",0.46,"F",4,43,6,2020
"ATSEA",0.44,"M",6,45,5,2020
"ATSEA",0.39,"M",3,42,5,2020
"ATSEA",0.65,"F",7,50,5,2020
"ATSEA",0.39,"M",2,41,5,2020
"ATSEA",0.48,"F",6,44,5,2020
"ATSEA",0.48,"M",4,43,5,2020
"ATSEA",0.38,"M",10,43,5,2020
"ATSEA",0.48,"F",4,44,6,2020
"ATSEA",0.5,"F",4,43,6,2020
"ATSEA",0.53,"F",10,45,6,2020
"ATSEA",0.46,"M",6,44,5,2020
"ATSEA",0.5,"M",11,45,5,2020
"ATSEA",0.72,"F",15,51,5,2020
"ATSEA",0.46,"F",3,44,6,2020
"ATSEA",0.47,"M",6,43,5,2020
"ATSEA",0.56,"M",6,46,5,2020
"ATSEA",0.47,"M",6,43,6,2020
"ATSEA",0.58,"F",10,45,6,2020
"ATSEA",0.49,"M",9,44,5,2020
"ATSEA",0.48,"F",6,45,5,2020
"ATSEA",0.49,"F",4,43,6,2020
"ATSEA",0.58,"M",6,45,10,2020
"ATSEA",0.67,"M",4,45,9,2020
"ATSEA",0.52,"F",4,42,10,2020
"ATSEA",0.66,"F",10,47,10,2020
"ATSEA",0.51,"M",4,44,10,2020
"ATSEA",0.72,"F",10,47,11,2020
"ATSEA",0.61,"M",4,45,11,2020
"ATSEA",0.68,"F",6,47,11,2020
"ATSEA",0.56,"F",3,45,11,2020
"ATSEA",0.68,"M",6,46,11,2020
"ATSEA",0.44,"M",6,41,6,2020
"ATSEA",0.52,"M",10,48,5,2020
"ATSEA",0.47,"F",4,45,5,2020
"ATSEA",0.4,"M",6,43,5,2020
"ATSEA",0.64,"F",11,48,6,2020
"ATSEA",0.48,"F",4,44,6,2020
"ATSEA",0.45,"F",6,44,6,2020
"ATSEA",0.52,"M",10,47,6,2020
"ATSEA",0.47,"M",6,43,6,2020
"ATSEA",0.64,"F",6,51,6,2020
"ATSEA",0.5,"F",6,44,5,2020
"ATSEA",0.48,"F",10,44,6,2020
"ATSEA",0.54,"M",5,46,5,2020
"ATSEA",0.46,"M",6,43,5,2020
"ATSEA",0.7,"F",6,47,5,2020
"ATSEA",0.43,"F",4,42,5,2020
"ATSEA",0.43,"F",6,44,6,2020
"ATSEA",0.46,"M",10,43,5,2020
"ATSEA",0.49,"M",4,43,6,2020
"ATSEA",0.51,"F",3,43,6,2020
"ATSEA",0.58,"M",8,48,6,2020
"ATSEA",0.42,"M",4,41,6,2020
"ATSEA",0.6,"M",12,47,6,2020
"ATSEA",0.46,"M",4,43,6,2020
"ATSEA",0.46,"M",10,46,5,2020
"ATSEA",0.66,"F",6,47,6,2020
"ATSEA",0.48,"M",4,46,6,2020
"ATSEA",0.61,"M",4,44,9,2020
"ATSEA",0.62,"M",6,47,10,2020
"ATSEA",0.59,"F",4,47,10,2020
"ATSEA",0.62,"F",3,46,10,2020
"ATSEA",0.66,"F",6,46,11,2020
"ATSEA",0.45,"F",6,45,5,2020
"ATSEA",0.4,"M",4,41,5,2020
"ATSEA",0.42,"F",6,42,6,2020
"ATSEA",0.48,"F",4,43,6,2020
"ATSEA",0.54,"M",4,45,5,2020
"ATSEA",0.34,"F",4,39,5,2020
"ATSEA",0.46,"M",6,44,5,2020
"ATSEA",0.54,"F",6,44,5,2020
"ATSEA",0.48,"F",4,43,5,2020
"ATSEA",0.38,"M",3,40,5,2020
"ATSEA",0.52,"M",10,48,6,2020
"ATSEA",0.54,"M",4,44,6,2020
"ATSEA",0.53,"F",7,46,5,2020
"ATSEA",0.59,"M",10,48,5,2020
"ATSEA",0.46,"M",6,41,6,2020
"ATSEA",0.43,"M",4,41,6,2020
"ATSEA",0.51,"M",6,44,6,2020
"ATSEA",0.42,"M",4,41,5,2020
"ATSEA",0.43,"F",4,42,5,2020
"ATSEA",0.44,"M",6,42,5,2020
"ATSEA",0.46,"M",4,43,6,2020
"ATSEA",0.44,"F",4,44,6,2020
"ATSEA",0.44,"F",6,41,6,2020
"ATSEA",0.52,"F",4,45,6,2020
"ATSEA",0.4,"M",4,42,6,2020
"ATSEA",0.6,"F",10,46,5,2020
"ATSEA",0.44,"M",6,44,5,2020
"ATSEA",0.6,"F",6,48,5,2020
"ATSEA",0.39,"M",4,41,6,2020
"ATSEA",0.61,"F",10,47,6,2020
"ATSEA",0.45,"F",6,45,6,2020
"ATSEA",0.66,"M",6,45,9,2020
"ATSEA",0.7,"M",10,46,10,2020
"ATSEA",0.58,"F",3,46,10,2020
"ATSEA",0.56,"F",6,45,10,2020
"ATSEA",0.58,"M",4,44,11,2020
"ATSEA",0.54,"M",7,43,11,2020
"ATSEA",0.56,"F",4,44,11,2020
"ATSEA",0.65,"F",10,50,10,2020
"ATSEA",0.69,"M",10,47,11,2020
"ATSEA",0.56,"F",4,45,11,2020
"SHORE",0.51,"M",3,42,9,2020
"SHORE",0.635,"F",4,45,9,2020
"SHORE",0.69,"M",6,47,9,2020
"SHORE",0.525,"F",8,45,9,2020
"SHORE",0.595,"M",6,44,9,2020
"SHORE",0.555,"F",3,41,9,2020
"SHORE",0.56,"M",6,43,9,2020
"SHORE",0.575,"F",4,47,9,2020
"SHORE",0.435,"M",4,41,9,2020
"SHORE",0.55,"M",4,43,9,2020
"SHORE",0.74,"F",6,47,9,2020
"SHORE",0.435,"M",6,42,9,2020
"SHORE",0.585,"F",6,45,9,2020
"SHORE",0.565,"M",6,43,9,2020
"SHORE",0.49,"M",4,42,9,2020
"SHORE",0.6,"M",4,44,9,2020
"SHORE",0.65,"M",4,44,7,2020
"SHORE",0.55,"F",6,45,8,2020
"SHORE",0.45,"F",4,43,7,2020
"SHORE",0.51,"M",4,42,7,2020
"SHORE",0.545,"F",4,44,7,2020
"SHORE",0.54,"M",4,42,7,2020
"SHORE",0.705,"M",10,47,7,2020
"SHORE",0.665,"M",6,46,7,2020
"SHORE",0.44,"M",3,41,7,2020
"SHORE",0.525,"M",4,44,7,2020
"SHORE",2.065,"F",10,73,7,2020
"SHORE",0.705,"F",6,48,7,2020
"SHORE",0.47,"F",4,41,7,2020
"SHORE",0.61,"M",4,44,7,2020
"SHORE",0.655,"M",8,46,7,2020
"SHORE",0.485,"F",4,41,7,2020
"SHORE",0.415,"M",3,39,7,2020
"SHORE",0.55,"F",4,43,7,2020
"SHORE",0.52,"M",6,41,7,2020
"SHORE",0.525,"F",4,44,7,2020
"SHORE",0.52,"F",4,44,7,2020
"SHORE",0.485,"M",10,47,7,2020
"SHORE",0.47,"M",4,42,7,2020
"SHORE",0.515,"F",4,45,7,2020
"SHORE",0.435,"M",4,42,7,2020
"SHORE",0.54,"M",4,43,7,2020
"SHORE",0.595,"M",6,45,7,2020
"SHORE",0.495,"F",4,44,7,2020
"SHORE",0.515,"F",4,44,7,2020
"SHORE",0.64,"F",7,46,9,2020
"SHORE",0.54,"M",6,43,9,2020
"SHORE",0.67,"M",4,45,9,2020
"SHORE",0.56,"M",4,44,9,2020
"SHORE",0.53,"F",6,43,9,2020
"SHORE",0.69,"F",4,46,9,2020
"SHORE",0.54,"F",6,43,9,2020
"SHORE",0.63,"M",6,44,9,2020
"SHORE",0.58,"M",6,43,9,2020
"SHORE",0.53,"M",4,42,9,2020
"SHORE",0.68,"F",6,46,9,2020
"SHORE",0.59,"M",10,44,9,2020
"SHORE",0.54431,"F",4,43,6,2020
"SHORE",0.49895,"M",6,43,6,2020
"SHORE",0.45359,"M",6,43,6,2020
"SHORE",0.68039,"F",10,50,6,2020
"SHORE",0.49895,"F",6,44,6,2020
"SHORE",0.49895,"M",4,42,6,2020
"SHORE",0.54431,"M",6,45,6,2020
"SHORE",0.58967,"F",6,47,6,2020
"SHORE",0.40823,"F",3,43,6,2020
"SHORE",0.49895,"F",4,44,6,2020
"SHORE",0.63503,"F",10,46,6,2020
"SHORE",0.54431,"F",8,45,6,2020
"SHORE",0.58967,"F",10,47,6,2020
"SHORE",0.49895,"M",10,45,6,2020
"SHORE",0.55,"F",10,46,6,2020
"SHORE",0.43,"M",6,42,6,2020
"SHORE",0.54,"F",9,47,6,2020
"SHORE",0.52,"M",11,44,6,2020
"SHORE",0.57,"M",6,46,6,2020
"SHORE",0.5,"M",6,43,6,2020
"SHORE",0.47,"F",6,43,6,2020
"SHORE",0.45,"M",4,42,6,2020
"SHORE",0.48,"M",10,44,6,2020
"SHORE",0.53,"F",6,45,6,2020
"SHORE",0.4,"M",3,41,6,2020
"SHORE",0.53,"M",10,45,6,2020
"SHORE",0.58,"M",6,45,6,2020
"SHORE",0.45,"F",4,42,6,2020
"SHORE",0.6,"M",6,46,6,2020
"SHORE",0.55,"M",10,47,6,2020
"SHORE",0.68,"F",6,49,6,2020
"SHORE",0.49,"M",9,44,6,2020
"SHORE",0.5,"F",4,46,6,2020
"SHORE",0.5,"F",4,44,6,2020
"SHORE",0.35,"F",3,40,6,2020
"SHORE",0.59,"M",10,47,6,2020
"SHORE",0.71,"F",6,47,9,2020
"SHORE",0.72,"F",10,48,9,2020
"SHORE",0.55,"M",4,43,9,2020
"SHORE",0.59,"M",6,44,9,2020
"SHORE",0.68,"M",7,44,9,2020
"SHORE",0.59,"F",4,44,9,2020
"SHORE",0.58,"M",6,42,9,2020
"SHORE",0.63,"F",4,43,9,2020
"SHORE",0.58,"M",6,43,9,2020
"SHORE",0.54,"F",4,42,9,2020
"SHORE",0.56,"M",6,42,9,2020
"SHORE",0.58,"M",6,45,9,2020
"SHORE",0.65,"M",6,45,9,2020
"SHORE",0.66,"F",10,48,9,2020
"SHORE",0.59,"F",6,45,9,2020
"SHORE",0.64,"F",6,45,9,2020
"SHORE",0.8,"F",6,50,9,2020
"SHORE",0.76,"M",10,48,9,2020
"SHORE",0.61,"F",6,44,9,2020
"SHORE",0.63,"F",6,45,9,2020
"SHORE",0.91,"F",6,50,9,2020
"SHORE",0.53,"M",9,45,9,2020
"SHORE",1.02,"F",6,52,9,2020
"SHORE",0.66,"F",10,44,9,2020
"SHORE",0.41,"M",4,38,9,2020
"SHORE",0.6,"F",6,45,9,2020
"SHORE",0.56,"F",6,48,9,2020
"SHORE",0.6,"M",6,42,9,2020
"SHORE",0.43,"F",4,42,9,2020
"SHORE",0.66,"F",4,47,9,2020
"SHORE",0.48,"M",6,42,9,2020
"SHORE",0.59,"M",4,45,9,2020
"SHORE",0.58,"M",4,44,9,2020
"SHORE",0.63,"F",6,47,9,2020
"SHORE",0.62,"M",6,45,9,2020
"SHORE",0.58,"F",4,45,9,2020
"SHORE",0.54,"F",6,44,9,2020
"SHORE",0.48,"M",4,41,9,2020
"SHORE",0.57,"F",8,44,9,2020
"SHORE",0.53,"M",3,43,9,2020
"SHORE",0.54,"F",4,44,8,2020
"SHORE",0.62,"F",4,46,8,2020
"SHORE",0.56,"M",6,44,8,2020
"SHORE",0.57,"F",4,44,8,2020
"SHORE",0.46,"M",10,46,8,2020
"SHORE",0.57,"M",6,46,8,2020
"SHORE",0.52,"M",4,43,8,2020
"SHORE",0.62,"F",10,46,8,2020
"SHORE",0.72,"F",10,49,8,2020
"SHORE",0.53,"M",4,45,8,2020
"SHORE",0.61,"M",6,46,8,2020
"SHORE",0.55,"F",6,46,8,2020
"SHORE",0.57,"F",6,47,8,2020
"SHORE",0.71,"M",11,49,8,2020
"SHORE",0.5,"M",4,43,8,2020
"SHORE",0.51,"F",4,42,8,2020
"SHORE",0.655,"F",4,46,10,2020
"SHORE",0.685,"F",4,47,10,2020
"SHORE",0.635,"M",6,45,10,2020
"SHORE",0.655,"F",4,46,10,2020
"SHORE",0.72,"F",6,47,10,2020
"SHORE",0.69,"F",4,46,10,2020
"SHORE",0.52,"F",3,42,10,2020
"SHORE",0.59,"F",4,43,10,2020
"SHORE",0.595,"F",6,45,10,2020
"SHORE",0.585,"F",6,45,10,2020
"SHORE",0.635,"M",11,46,10,2020
"SHORE",0.336,"F",4,45,6,2020
"SHORE",0.368,"M",3,41,6,2020
"SHORE",0.592,"F",6,47,6,2020
"SHORE",0.418,"M",3,41,6,2020
"SHORE",0.518,"F",6,45,6,2020
"SHORE",0.47,"M",4,44,6,2020
"SHORE",0.368,"M",4,39,6,2020
"SHORE",0.456,"M",6,43,6,2020
"SHORE",0.402,"M",4,40,6,2020
"SHORE",0.83,"F",10,49,6,2020
"SHORE",0.738,"F",6,47,6,2020
"SHORE",0.542,"M",10,46,6,2020
"SHORE",0.712,"M",10,48,6,2020
"SHORE",0.624,"M",6,46,6,2020
"SHORE",0.52,"M",6,43,6,2020
"SHORE",0.48,"M",4,41,8,2020
"SHORE",0.5,"M",3,42,8,2020
"SHORE",0.76,"F",6,48,8,2020
"SHORE",0.74,"M",6,47,8,2020
"SHORE",0.63,"M",6,44,8,2020
"SHORE",0.57,"M",4,44,8,2020
"SHORE",0.64,"F",8,44,8,2020
"SHORE",0.56,"M",6,43,8,2020
"SHORE",0.6,"F",4,44,8,2020
"SHORE",0.54,"F",6,43,8,2020
"SHORE",0.56,"M",3,44,8,2020
"SHORE",0.66,"F",6,46,9,2020
"SHORE",0.55,"F",6,46,8,2020
"SHORE",0.49,"F",6,44,6,2020
"SHORE",0.54,"F",6,46,6,2020
"SHORE",0.6,"F",10,46,6,2020
"SHORE",0.9,"F",10,49,9,2020
"SHORE",0.595,"M",10,45,10,2020
"SHORE",0.53,"M",4,43,10,2020
"SHORE",0.518,"F",8,46,6,2020
"SHORE",0.505,"F",4,42,10,2020
"SHORE",0.955,"F",10,52,8,2020
"SHORE",0.61,"M",6,45,7,2020
"SHORE",0.61,"M",6,46,8,2020
"SHORE",0.46,"F",7,43,7,2020
"SHORE",0.54,"F",6,45,7,2020
"SHORE",0.61,"M",6,44,9,2020
"SHORE",0.62,"M",4,45,9,2020
"SHORE",0.68,"M",10,48,5,2020
"SHORE",0.44,"M",4,41,7,2020
"SHORE",0.7,"F",4,44,9,2020
"SHORE",0.408,"M",8,43,5,2020
"SHORE",0.835,"F",8,48,7,2020
"SHORE",0.45,"F",4,42,5,2020
"SHORE",0.62,"M",6,45,8,2020
"SHORE",0.465,"M",3,41,7,2020
"SHORE",0.81,"M",10,50,7,2020
"SHORE",0.58,"M",8,47,6,2020
"SHORE",0.68,"F",6,45,8,2020
"SHORE",0.67,"M",10,44,8,2020
"SHORE",0.565,"M",4,44,9,2020
"SHORE",0.71,"M",9,48,9,2020
"SHORE",0.59,"F",4,46,10,2020
"SHORE",0.66,"M",6,46,10,2020
"SHORE",0.75,"M",10,48,10,2020
"SHORE",0.605,"M",6,45,10,2020
"SHORE",0.46,"F",3,43,5,2020
"SHORE",0.59,"M",6,48,5,2020
"SHORE",0.49,"F",4,43,8,2020
"SHORE",0.94,"M",10,53,7,2020
"SHORE",0.53,"M",4,42,10,2020
"SHORE",0.57,"F",8,44,10,2020
"SHORE",0.59,"M",6,44,9,2020
"SHORE",0.545,"F",6,43,9,2020
"SHORE",0.59,"F",4,48,10,2020
"SHORE",0.45359,"F",4,43,6,2020
"SHORE",0.56,"F",6,45,6,2020
"SHORE",0.55,"M",6,45,10,2020
"SHORE",0.64,"M",10,43,10,2020
"SHORE",0.48,"M",4,43,6,2020
"SHORE",0.53,"F",4,43,9,2020
"SHORE",0.68,"M",4,47,10,2020
"SHORE",0.635,"M",6,45,9,2020
"SHORE",0.59,"M",6,44,10,2020
"SHORE",0.61,"F",10,47,10,2020
"SHORE",0.65,"M",4,47,6,2020
"SHORE",0.54,"F",10,45,6,2020
"SHORE",0.87,"M",12,51,8,2020
"SHORE",0.61,"F",6,46,9,2020
"SHORE",0.5,"F",4,43,7,2020
"SHORE",0.635,"F",10,50,8,2020
"SHORE",0.474,"F",6,43,6,2020
"SHORE",0.49,"F",6,46,5,2020
"SHORE",0.56,"F",3,44,9,2020
"SHORE",1.23,"F",10,60,9,2020
"SHORE",0.625,"F",6,45,10,2020
"SHORE",0.53,"F",3,44,10,2020
"SHORE",0.51,"M",3,42,10,2020
"SHORE",0.42,"M",7,43,6,2020
"SHORE",0.414,"M",4,44,5,2020
"SHORE",0.396,"F",4,44,5,2020
"SHORE",0.455,"F",4,42,9,2020
"SHORE",0.65,"F",4,44,9,2020
"SHORE",0.4,"M",4,41,6,2020
"SHORE",0.455,"M",4,41,6,2020
"SHORE",0.525,"F",4,44,6,2020
"SHORE",0.51,"M",3,43,8,2020
"SHORE",0.76,"F",10,51,9,2020
"SHORE",0.524,"F",10,47,6,2020
"SHORE",0.705,"F",4,45,8,2020
"SHORE",0.412,"M",4,41,5,2020
"SHORE",0.45,"M",3,42,7,2020
"SHORE",0.57,"F",6,45,7,2020
"SHORE",0.46,"M",4,41,6,2020
"SHORE",0.515,"F",10,46,6,2020
"SHORE",0.915,"F",10,49,9,2020
"SHORE",0.52,"M",4,43,9,2020
"SHORE",0.71,"F",10,51,7,2020
"SHORE",0.63,"M",6,47,7,2020
"SHORE",0.55,"F",6,46,7,2020
"SHORE",0.59,"M",10,46,7,2020
"SHORE",0.63,"M",6,45,8,2020
"SHORE",0.416,"F",4,42,5,2020
"SHORE",0.65,"F",11,45,9,2020
"SHORE",0.61,"M",6,44,8,2020
"SHORE",0.45,"M",4,42,6,2020
"SHORE",0.55,"F",4,44,7,2020
"SHORE",0.635,"F",4,46,6,2020
"SHORE",0.595,"F",10,49,7,2020
"SHORE",0.635,"F",6,45,10,2020
"SHORE",0.48,"M",4,45,5,2020
"SHORE",0.605,"F",4,44,7,2020
"SHORE",0.575,"F",4,42,8,2020
"SHORE",0.55,"M",4,43,9,2020
"SHORE",0.46,"M",4,42,7,2020
"SHORE",0.46,"M",6,42,5,2020
"SHORE",0.68,"M",5,46,8,2020
"SHORE",0.58,"M",4,44,8,2020
"SHORE",0.535,"M",4,46,7,2020
"SHORE",0.715,"M",6,46,8,2020
"SHORE",0.565,"M",10,45,8,2020
"SHORE",0.71,"F",10,50,6,2020
"SHORE",0.92,"F",10,50,8,2020
"SHORE",0.43,"M",4,41,5,2020
"SHORE",0.51,"M",6,43,5,2020
"SHORE",0.396,"M",3,42,6,2020
"SHORE",0.7,"F",5,48,7,2020
"SHORE",0.63,"F",6,47,9,2020
"SHORE",0.58,"M",6,43,10,2020
"SHORE",0.48,"M",3,43,10,2020
"SHORE",0.595,"M",11,44,7,2020
"SHORE",0.48,"F",4,43,5,2020
"SHORE",0.51,"M",7,45,5,2020
"SHORE",0.52,"M",4,45,5,2020
"SHORE",0.48,"M",10,43,5,2020
"SHORE",0.57,"M",6,44,8,2020
"SHORE",0.515,"F",3,43,8,2020
"SHORE",0.465,"F",3,42,8,2020
"SHORE",0.695,"F",6,45,8,2020
"SHORE",0.504,"M",10,43,5,2020
"SHORE",0.498,"M",4,45,5,2020
"SHORE",0.454,"M",6,43,5,2020
"SHORE",0.554,"F",4,46,5,2020
"SHORE",0.482,"F",6,44,5,2020
"SHORE",0.47,"F",3,41,5,2020
"SHORE",0.526,"F",10,47,5,2020
"SHORE",0.482,"F",6,44,5,2020
"SHORE",0.346,"F",4,40,5,2020
"SHORE",0.386,"F",3,39,5,2020
"SHORE",0.386,"M",4,40,5,2020
"SHORE",0.508,"M",4,45,5,2020
"SHORE",0.476,"M",4,42,5,2020
"SHORE",0.58,"F",6,46,5,2020
"SHORE",0.685,"F",10,50,7,2020
"SHORE",0.72,"F",10,47,7,2020
"SHORE",0.42,"F",3,40,7,2020
"SHORE",0.555,"F",4,43,7,2020
"SHORE",0.565,"M",3,44,7,2020
"SHORE",0.52,"M",3,42,7,2020
"SHORE",0.52,"F",4,44,7,2020
"SHORE",0.625,"F",4,47,7,2020
"SHORE",0.555,"F",4,45,7,2020
"SHORE",0.565,"F",9,45,7,2020
"SHORE",0.45,"F",6,44,6,2020
"SHORE",0.56,"M",4,46,7,2020
"SHORE",0.515,"M",4,42,7,2020
"SHORE",0.515,"M",6,44,7,2020
"SHORE",0.39,"F",4,39,6,2020
"SHORE",0.43,"M",4,43,6,2020
"SHORE",0.47,"M",6,44,6,2020
"SHORE",0.52,"M",4,46,6,2020
"SHORE",0.43,"M",4,42,6,2020
"SHORE",0.45,"F",6,44,6,2020
"SHORE",0.49,"F",4,44,6,2020
"SHORE",0.4,"M",3,41,6,2020
"SHORE",0.42,"F",4,43,6,2020
"SHORE",0.41,"F",4,42,6,2020
"SHORE",0.42,"M",4,43,6,2020
"SHORE",0.53,"M",6,44,6,2020
"SHORE",0.63,"F",10,47,8,2020
"SHORE",0.482,"F",3,45,5,2020
"SHORE",0.66,"F",6,46,7,2020
"SHORE",0.59,"F",6,45,7,2020
"SHORE",0.5,"M",6,43,8,2020
"SHORE",0.905,"F",10,52,8,2020
"SHORE",0.535,"M",4,43,8,2020
"SHORE",0.5,"M",6,46,8,2020
"SHORE",0.61,"F",3,44,8,2020
"SHORE",0.535,"M",11,43,8,2020
"SHORE",0.565,"F",6,44,8,2020
"SHORE",0.645,"F",4,46,8,2020
"SHORE",0.76,"F",7,47,8,2020
"SHORE",0.685,"M",4,46,8,2020
"SHORE",0.6,"M",6,44,9,2020
"SHORE",0.54,"M",4,42,9,2020
"SHORE",0.606,"F",4,47,6,2020
"SHORE",0.67,"F",6,47,8,2020
"SHORE",0.5,"F",3,43,10,2020
"SHORE",0.645,"M",10,46,9,2020
"SHORE",0.69,"F",10,47,9,2020
"SHORE",0.68,"M",6,47,10,2020
"SHORE",0.595,"M",6,44,9,2020
"SHORE",0.5,"M",4,42,9,2020
"SHORE",0.71,"M",3,52,6,2020
"SHORE",0.595,"F",10,45,9,2020
"SHORE",0.51,"M",6,44,6,2020
"SHORE",0.49,"F",4,44,6,2020
"SHORE",0.43,"F",4,42,5,2020
"SHORE",0.58967,"F",13,47,6,2020
"SHORE",0.51,"F",6,45,6,2020
"SHORE",0.59,"F",4,45,9,2020
"SHORE",0.454,"F",4,43,6,2020
"SHORE",0.83,"M",10,51,7,2020
"SHORE",0.685,"M",4,47,9,2020
"SHORE",0.525,"F",5,43,9,2020
"SHORE",0.61,"M",6,44,9,2020
"SHORE",0.505,"M",6,44,6,2020
"SHORE",0.56,"M",10,48,6,2020
"SHORE",0.488,"M",3,44,6,2020
"SHORE",0.426,"M",7,43,6,2020
"SHORE",0.5,"M",10,45,6,2020
"SHORE",0.472,"M",3,43,6,2020
"SHORE",0.57,"M",10,45,8,2020
"SHORE",0.56,"M",4,43,10,2020
"SHORE",0.58,"F",6,45,8,2020
"SHORE",0.53,"M",4,43,8,2020
"SHORE",0.545,"F",4,42,8,2020
"SHORE",0.67,"M",6,44,8,2020
"SHORE",0.625,"F",6,46,6,2020
"SHORE",0.57,"F",5,42,8,2020
"SHORE",0.492,"F",4,44,5,2020
"SHORE",0.755,"F",4,48,9,2020
"SHORE",0.51,"F",4,42,9,2020
"SHORE",0.585,"F",4,45,8,2020
"SHORE",0.77,"M",6,48,8,2020
"SHORE",1.895,"F",11,63,7,2020
"SHORE",0.46,"F",4,42,8,2020
"SHORE",0.8,"F",5,53,7,2020
"SHORE",0.465,"M",6,43,7,2020
"SHORE",0.52,"M",10,45,6,2020
"SHORE",0.45,"M",4,43,6,2020
"SHORE",0.49,"F",6,44,6,2020
"SHORE",0.62,"M",10,47,7,2020
"SHORE",0.53,"M",6,41,8,2020
"SHORE",0.62,"F",11,47,8,2020
"SHORE",0.465,"M",6,43,7,2020
"SHORE",0.48,"M",4,41,7,2020
"SHORE",0.52,"M",6,43,8,2020
"SHORE",0.615,"M",4,46,7,2020
"SHORE",0.575,"F",6,46,7,2020
"SHORE",0.53,"M",6,44,7,2020
"SHORE",0.545,"M",4,45,7,2020
"SHORE",0.49,"F",4,43,7,2020
"SHORE",0.525,"M",3,42,8,2020
"SHORE",0.57,"F",4,44,10,2020
"SHORE",0.56,"M",4,43,10,2020
"SHORE",0.565,"F",6,46,6,2020
"SHORE",0.515,"M",10,45,6,2020
"SHORE",0.565,"F",6,46,6,2020
"SHORE",0.6,"M",10,47,9,2020
"SHORE",0.454,"F",6,43,5,2020
"SHORE",0.484,"F",4,45,5,2020
"SHORE",0.506,"M",6,44,5,2020
"SHORE",0.55,"F",6,45,9,2020
"SHORE",0.62,"F",6,45,7,2020
"SHORE",0.5,"F",6,45,5,2020
"SHORE",0.51,"F",6,44,5,2020
"SHORE",0.478,"M",4,43,5,2020
"SHORE",1.515,"F",10,64,8,2020
"SHORE",0.55,"F",10,44,6,2020
"SHORE",0.56,"F",6,45,7,2020
"SHORE",0.555,"F",6,46,7,2020
"SHORE",0.49,"F",10,44,6,2020
"SHORE",0.45,"F",6,44,5,2020
"SHORE",0.5,"F",6,45,5,2020
"SHORE",0.65,"F",7,46,9,2020
"SHORE",0.49,"F",4,43,8,2020
"SHORE",0.635,"F",6,46,10,2020
"SHORE",0.54,"M",6,42,10,2020
"SHORE",0.61,"M",8,45,9,2020
"SHORE",0.745,"F",4,49,9,2020
"SHORE",0.765,"F",8,47,9,2020
"SHORE",0.57,"M",4,43,10,2020
"SHORE",0.94,"M",10,53,10,2020
"SHORE",0.665,"F",6,46,9,2020
"SHORE",0.5,"F",6,45,6,2020
"SHORE",0.41,"M",4,43,6,2020
"SHORE",0.815,"F",13,52,7,2020
"SHORE",0.7,"F",6,47,9,2020
"SHORE",0.56,"F",6,44,9,2020
"SHORE",0.43,"F",4,41,6,2020
"SHORE",0.61,"F",7,46,9,2020
"SHORE",0.866,"F",6,51,6,2020
"SHORE",0.53,"M",6,46,5,2020
"SHORE",0.55,"F",3,44,8,2020
"SHORE",0.565,"M",4,44,9,2020
"SHORE",0.44,"M",3,42,5,2020
"SHORE",0.6,"F",4,44,10,2020
"SHORE",0.51,"M",3,43,10,2020
"SHORE",0.685,"F",4,46,10,2020
"SHORE",0.67,"F",4,45,10,2020
"SHORE",0.435,"F",4,45,6,2020
"SHORE",0.47,"M",6,43,6,2020
"SHORE",0.59,"M",6,46,7,2020
"SHORE",0.73,"F",15,48,9,2020
"SHORE",0.705,"F",4,47,9,2020
"SHORE",0.515,"F",4,41,9,2020
"SHORE",0.48,"M",4,42,9,2020
"SHORE",0.53,"F",6,44,9,2020
"SHORE",0.65,"F",4,47,9,2020
"SHORE",0.525,"M",4,42,9,2020
"SHORE",0.428,"M",4,40,6,2020
"SHORE",0.71,"M",6,49,8,2020
"SHORE",0.63,"F",7,45,8,2020
"SHORE",0.56,"M",6,44,6,2020
"SHORE",0.472,"F",6,44,5,2020
"SHORE",0.57,"M",5,46,10,2020
"SHORE",0.54,"M",6,45,7,2020
"SHORE",0.655,"M",4,46,8,2020
"SHORE",0.48,"F",4,41,8,2020
"SHORE",1.02,"M",10,51,8,2020
"SHORE",0.495,"M",4,41,10,2020
"SHORE",0.535,"M",8,44,6,2020
"SHORE",0.625,"F",9,48,7,2020
"SHORE",0.62,"M",12,45,7,2020
"SHORE",0.52,"F",9,46,5,2020
"SHORE",1.18,"F",9,58,6,2020
"SHORE",0.58,"F",10,45,9,2020
"SHORE",0.75,"M",10,51,7,2020
"SHORE",0.665,"F",3,45,9,2020
"SHORE",0.48,"M",4,42,7,2020
"SHORE",0.946,"M",10,55,5,2020
"SHORE",0.444,"F",6,43,5,2020
"SHORE",0.545,"M",8,45,7,2020
"SHORE",0.64,"F",10,47,6,2020
"SHORE",0.58,"F",8,45,7,2020
"SHORE",0.41,"F",8,42,5,2020
"SHORE",0.525,"M",6,44,6,2020
"SHORE",0.41,"M",4,41,5,2020
"SHORE",0.65,"M",4,47,7,2020
"SHORE",0.61,"F",6,46,7,2020
"SHORE",0.6,"F",3,44,10,2020
"SHORE",0.455,"F",3,44,6,2020
"SHORE",0.69,"F",6,45,7,2020
"SHORE",0.62,"M",6,44,10,2020
"SHORE",1.035,"F",6,52,8,2020
"SHORE",0.602,"M",10,46,6,2020
"SHORE",0.575,"F",4,44,7,2020
"SHORE",0.65,"M",6,44,9,2020
"SHORE",0.488,"M",4,45,6,2020
"SHORE",0.47,"F",4,42,8,2020
"SHORE",0.79,"M",11,51,8,2020
"SHORE",0.465,"F",3,43,7,2020
"SHORE",0.54,"F",4,43,10,2020
"SHORE",0.66,"M",4,45,9,2020
"SHORE",0.58,"M",4,45,10,2020
"SHORE",0.5,"M",6,43,10,2020
"SHORE",0.465,"M",3,42,7,2020
"SHORE",0.475,"M",4,41,7,2020
"SHORE",0.91,"F",10,50,9,2020
"SHORE",0.52,"M",6,45,6,2020
"SHORE",0.48,"F",6,45,5,2020
"SHORE",0.44,"M",4,42,9,2020
"SHORE",0.55,"F",6,47,6,2020
"SHORE",0.62,"M",10,46,8,2020
"SHORE",0.73,"F",6,45,9,2020
"SHORE",0.58,"F",4,43,9,2020
"SHORE",0.61,"M",6,44,8,2020
"SHORE",0.58,"F",4,45,9,2020
"SHORE",0.32,"M",3,37,5,2020
"SHORE",0.64,"M",3,44,8,2020
"SHORE",0.57,"M",10,45,6,2020
"SHORE",0.72,"F",6,48,9,2020
"SHORE",0.57,"M",4,42,8,2020
"SHORE",0.414,"F",4,44,6,2020
"SHORE",0.534,"M",4,45,6,2020
"SHORE",0.52,"M",6,47,6,2020
"SHORE",0.675,"M",10,45,8,2020
"SHORE",0.61,"F",9,46,8,2020
"SHORE",0.47,"M",4,43,8,2020
"SHORE",0.466,"M",3,45,5,2020
"SHORE",0.795,"F",10,49,10,2020
"SHORE",0.485,"M",6,44,8,2020
"SHORE",0.57,"F",3,45,8,2020
"SHORE",0.64,"F",10,50,6,2020
"SHORE",0.58,"M",6,44,9,2020
"SHORE",0.51,"M",6,45,9,2020
"SHORE",0.67,"F",3,46,9,2020
"SHORE",0.6,"M",6,49,5,2020
"SHORE",0.42,"M",6,42,6,2020
"SHORE",0.48,"M",6,43,9,2020
"SHORE",0.55,"M",5,42,9,2020
"SHORE",0.53,"M",4,42,9,2020
"SHORE",0.64,"M",3,45,9,2020
"SHORE",0.67,"F",10,46,9,2020
"SHORE",0.538,"F",6,46,6,2020
"SHORE",0.43,"F",4,44,5,2020
"SHORE",0.424,"F",6,45,5,2020
"SHORE",0.49,"F",4,45,6,2020
"SHORE",0.5,"F",4,44,6,2020
"SHORE",0.71,"M",10,46,8,2020
"SHORE",0.48,"F",4,43,6,2020
"SHORE",0.545,"M",4,42,10,2020
"SHORE",0.61,"F",4,43,8,2020
"SHORE",0.5,"M",3,42,7,2020
"SHORE",0.515,"M",6,43,7,2020
"SHORE",0.845,"F",4,50,8,2020
"SHORE",0.518,"F",6,46,5,2020
"SHORE",0.462,"M",4,42,5,2020
"SHORE",0.61,"F",6,47,7,2020
"SHORE",0.575,"F",10,44,9,2020
"SHORE",0.755,"M",10,50,7,2020
"SHORE",0.5,"M",3,43,7,2020
"SHORE",0.55,"M",5,42,8,2020
"SHORE",0.72,"M",4,48,8,2020
"SHORE",0.56,"F",6,44,7,2020
"SHORE",0.655,"M",3,46,8,2020
"SHORE",0.585,"M",6,47,8,2020
"SHORE",0.805,"F",6,49,8,2020
"SHORE",0.5,"M",10,46,5,2020
"SHORE",0.47,"M",6,43,6,2020
"SHORE",0.47,"M",4,43,6,2020
"SHORE",0.56,"M",6,45,7,2020
"SHORE",0.565,"F",4,44,8,2020
"SHORE",0.61,"F",4,43,8,2020
"SHORE",0.55,"F",4,46,7,2020
"SHORE",0.605,"M",4,44,10,2020
"SHORE",0.575,"M",10,44,7,2020
"SHORE",0.67,"F",11,47,7,2020
"SHORE",0.422,"M",4,43,6,2020
"SHORE",0.64,"M",6,45,7,2020
"SHORE",0.59,"F",3,46,8,2020
"SHORE",0.678,"F",6,49,6,2020
"SHORE",0.605,"F",6,46,9,2020
"SHORE",0.44,"M",4,41,9,2020
"SHORE",0.445,"M",4,42,9,2020
"SHORE",0.57,"F",6,46,7,2020
"SHORE",0.645,"M",13,48,9,2020
"SHORE",0.58,"M",6,45,10,2020
"SHORE",0.59,"M",6,45,8,2020
"SHORE",0.57,"M",4,43,7,2020
"SHORE",0.64,"M",11,45,9,2020
"SHORE",0.485,"M",4,42,7,2020
"SHORE",0.606,"F",6,45,6,2020
"SHORE",0.53,"M",4,43,8,2020
"SHORE",0.6,"F",6,45,9,2020
"SHORE",0.62,"F",10,46,9,2020
"SHORE",0.595,"M",6,44,9,2020
"SHORE",0.57,"M",4,44,9,2020
"SHORE",0.555,"F",3,42,9,2020
"SHORE",0.61,"M",4,44,9,2020
"SHORE",0.565,"M",4,43,9,2020
"SHORE",0.54,"F",4,44,9,2020
"SHORE",0.565,"M",4,44,9,2020
"SHORE",0.63,"F",4,45,9,2020
"SHORE",0.715,"F",10,48,9,2020
"SHORE",0.445,"M",8,43,9,2020
"SHORE",0.63,"F",4,47,9,2020
"SHORE",0.63,"M",10,45,9,2020
"SHORE",0.48,"M",4,43,6,2020
"SHORE",0.58,"M",4,44,6,2020
"SHORE",0.64,"M",8,47,6,2020
"SHORE",0.53,"M",6,44,6,2020
"SHORE",0.38,"M",3,40,6,2020
"SHORE",1.92,"F",11,68,6,2020
"SHORE",0.49,"M",4,43,6,2020
"SHORE",0.42,"M",4,43,6,2020
"SHORE",0.38,"M",3,40,6,2020
"SHORE",0.37,"M",4,40,6,2020
"SHORE",0.56,"F",6,45,6,2020
"SHORE",0.57,"M",6,44,8,2020
"SHORE",0.5,"F",4,43,6,2020
"SHORE",0.4,"M",3,39,6,2020
"SHORE",0.47,"M",4,44,6,2020
"SHORE",0.73,"F",6,47,8,2020
"SHORE",0.565,"F",4,45,8,2020
"SHORE",0.565,"F",6,47,8,2020
"SHORE",0.625,"M",10,46,8,2020
"SHORE",0.955,"F",10,51,8,2020
"SHORE",0.6,"M",6,46,8,2020
"SHORE",0.615,"F",4,45,8,2020
"SHORE",0.635,"F",10,47,8,2020
"SHORE",0.66,"F",10,47,8,2020
"SHORE",0.66,"M",6,49,8,2020
"SHORE",0.655,"F",6,47,8,2020
"SHORE",0.5,"F",3,42,8,2020
"SHORE",0.52,"F",4,43,8,2020
"SHORE",0.535,"F",4,44,8,2020
"SHORE",0.585,"F",4,44,8,2020
"SHORE",0.55,"M",6,43,8,2020
"SHORE",0.84,"F",15,53,8,2020
"SHORE",0.466,"M",6,44,5,2020
"SHORE",0.44,"M",4,42,5,2020
"SHORE",0.478,"M",10,45,5,2020
"SHORE",0.436,"F",3,45,5,2020
"SHORE",0.446,"M",6,45,5,2020
"SHORE",0.478,"F",4,46,5,2020
"SHORE",0.414,"M",4,41,5,2020
"SHORE",0.48,"F",6,45,5,2020
"SHORE",0.426,"M",4,42,5,2020
"SHORE",0.498,"F",4,43,5,2020
"SHORE",0.406,"F",4,44,5,2020
"SHORE",0.434,"F",4,44,5,2020
"SHORE",0.452,"F",6,46,5,2020
"SHORE",0.488,"M",4,42,5,2020
"SHORE",0.66,"M",11,50,5,2020
"SHORE",0.41,"F",4,42,6,2020
"SHORE",0.685,"M",6,49,8,2020
"SHORE",0.45359,"M",3,42,6,2020
"SHORE",0.5,"M",6,44,9,2020
"SHORE",0.69,"F",11,49,5,2020
"SHORE",0.56,"F",6,46,6,2020
"SHORE",0.6,"M",12,47,9,2020
"SHORE",0.508,"M",4,45,6,2020
"SHORE",0.69,"F",10,52,5,2020
"SHORE",0.61,"M",6,46,10,2020
"SHORE",0.63,"F",6,47,7,2020
"SHORE",0.35,"M",3,39,5,2020
"SHORE",0.56,"M",12,49,5,2020
"SHORE",0.49895,"M",4,44,6,2020
"SHORE",0.615,"M",8,45,9,2020
"SHORE",0.42,"F",4,40,6,2020
"SHORE",0.398,"M",3,41,5,2020
"SHORE",0.51,"M",8,45,6,2020
"SHORE",0.855,"M",6,50,9,2020
"SHORE",0.53,"F",4,44,6,2020
"SHORE",0.515,"M",3,42,10,2020
"SHORE",0.542,"M",8,46,6,2020
"SHORE",0.6,"F",4,45,8,2020
"SHORE",0.59,"F",6,45,9,2020
"SHORE",0.62,"F",10,45,8,2020
"SHORE",0.775,"F",10,49,8,2020
"SHORE",0.41,"M",4,42,6,2020
"SHORE",0.44,"M",3,42,6,2020
"SHORE",0.67,"M",4,46,8,2020
"SHORE",0.56,"M",4,44,7,2020
"SHORE",0.68,"F",10,47,8,2020
"SHORE",0.53,"M",5,42,8,2020
"SHORE",0.57,"M",6,43,9,2020
"SHORE",0.562,"F",10,47,5,2020
"SHORE",0.525,"M",6,43,7,2020
"SHORE",0.4,"M",4,41,6,2020
"SHORE",0.59,"M",6,45,8,2020
"SHORE",0.63,"M",6,46,7,2020
"SHORE",0.575,"M",10,46,8,2020
"SHORE",0.534,"M",4,45,5,2020
"SHORE",0.458,"M",4,42,5,2020
"SHORE",0.795,"F",10,50,10,2020
"SHORE",0.565,"F",6,46,8,2020
"SHORE",0.495,"M",4,41,7,2020
"SHORE",0.63,"F",10,48,7,2020
"SHORE",0.49,"F",4,42,7,2020
"SHORE",0.51,"M",6,44,7,2020
"SHORE",0.615,"M",10,47,6,2020
"SHORE",0.535,"F",6,46,7,2020
"SHORE",0.515,"F",4,43,8,2020
"SHORE",0.555,"M",6,44,8,2020
"SHORE",0.545,"F",12,46,8,2020
"SHORE",1.06,"F",8,53,8,2020
"SHORE",0.645,"M",6,45,8,2020
"SHORE",0.89,"F",6,50,10,2020
"SHORE",0.72,"F",4,47,7,2020
"SHORE",0.59,"F",4,46,9,2020
"SHORE",0.47,"F",3,41,8,2020
"SHORE",0.6,"F",4,45,7,2020
"SHORE",0.56,"M",10,45,7,2020
"SHORE",0.52,"M",4,44,7,2020
"SHORE",0.62,"M",12,49,5,2020
"SHORE",0.67,"F",4,46,8,2020
"SHORE",0.6,"F",10,48,9,2020
"SHORE",0.64,"F",4,46,7,2020
"SHORE",0.42,"F",4,43,6,2020
"SHORE",0.625,"M",10,46,7,2020
"SHORE",0.72,"M",8,48,8,2020
"SHORE",0.484,"M",10,46,5,2020
"SHORE",0.7,"F",10,46,9,2020
"SHORE",0.62,"M",6,46,8,2020
"SHORE",0.49,"F",3,42,8,2020
"SHORE",0.4,"M",3,40,6,2020
"SHORE",0.77,"M",10,50,10,2020
"SHORE",0.6,"M",6,46,7,2020
"SHORE",0.55,"F",6,43,7,2020
"SHORE",0.482,"M",10,47,6,2020
"SHORE",0.56,"F",4,44,9,2020
"SHORE",0.715,"M",6,48,8,2020
"SHORE",0.595,"F",6,47,6,2020
"SHORE",0.4,"M",4,42,5,2020
"SHORE",0.64,"M",6,46,9,2020
"SHORE",0.52,"M",10,45,6,2020
"SHORE",0.525,"F",9,45,7,2020
"SHORE",0.416,"M",6,42,5,2020
"SHORE",0.49,"F",3,42,9,2020
"SHORE",0.665,"F",6,48,7,2020
"SHORE",0.73,"F",7,49,7,2020
"SHORE",0.535,"F",6,45,8,2020
"SHORE",0.57,"F",3,45,8,2020
"SHORE",0.49895,"M",4,44,6,2020
"SHORE",0.7,"F",6,46,9,2020
"SHORE",0.41,"M",4,42,7,2020
"SHORE",0.465,"F",4,41,10,2020
"SHORE",0.61,"M",5,44,10,2020
"SHORE",0.49,"F",3,43,6,2020
"SHORE",0.61,"F",4,44,9,2020
"SHORE",0.59,"F",4,57,6,2020
"SHORE",0.64,"F",6,47,9,2020
"SHORE",0.71,"F",6,47,9,2020
"SHORE",0.61,"M",4,44,10,2020
"SHORE",0.46,"M",4,43,6,2020
"SHORE",0.526,"F",6,47,6,2020
"SHORE",0.72,"F",6,48,9,2020
"SHORE",0.436,"F",6,44,5,2020
"SHORE",1.29,"F",10,54,8,2020
"SHORE",0.55,"F",6,45,7,2020
"SHORE",0.51,"F",6,43,6,2020
"SHORE",0.59,"M",6,43,9,2020
"SHORE",0.58,"F",6,45,9,2020
"SHORE",0.71,"M",10,49,8,2020
"SHORE",0.67,"M",10,48,8,2020
"SHORE",0.57,"F",4,43,7,2020
"SHORE",0.605,"F",4,46,7,2020
"SHORE",1.12,"F",7,56,8,2020
"SHORE",0.562,"M",9,48,6,2020
"SHORE",0.45,"M",4,41,5,2020
"SHORE",1.025,"F",18,53,7,2020
"SHORE",0.47,"F",4,42,6,2020
"SHORE",0.448,"F",4,43,5,2020
"SHORE",0.625,"F",4,46,9,2020
"SHORE",0.48,"M",3,42,10,2020
"SHORE",0.494,"F",4,44,6,2020
"SHORE",0.5,"M",4,40,8,2020
"SHORE",0.565,"F",4,48,7,2020
"SHORE",0.69,"F",10,48,7,2020
"SHORE",0.73,"M",10,46,7,2020
"SHORE",0.49,"F",4,45,7,2020
"SHORE",0.68,"F",5,47,6,2020
"SHORE",0.59,"F",6,46,8,2020
"SHORE",0.75,"M",10,49,8,2020
"SHORE",0.54431,"M",4,46,6,2020
"SHORE",0.71,"M",6,47,10,2020
"SHORE",0.57,"M",4,45,9,2020
"SHORE",0.48,"M",4,43,6,2020
"SHORE",0.63,"F",6,46,7,2020
"SHORE",0.48,"M",6,45,6,2020
"SHORE",0.4,"M",4,41,5,2020
"SHORE",0.58,"M",6,45,9,2020
"SHORE",0.64,"M",8,48,10,2020
"SHORE",0.63,"F",9,46,8,2020
"SHORE",0.42,"F",4,42,6,2020
"SHORE",0.61,"F",7,47,7,2020
"SHORE",0.818,"F",6,51,6,2020
"SHORE",0.555,"F",8,44,8,2020
"SHORE",0.54,"M",10,45,6,2020
"SHORE",0.914,"F",6,54,6,2020
"SHORE",0.69,"F",8,51,6,2020
"SHORE",0.51,"F",6,46,6,2020
"SHORE",0.58,"F",6,45,8,2020
"SHORE",0.785,"F",6,50,7,2020
"SHORE",0.695,"M",6,46,8,2020
"SHORE",0.64,"F",8,46,9,2020
"SHORE",0.68,"F",10,45,9,2020
"SHORE",0.44,"F",4,43,6,2020
"SHORE",0.58,"M",4,45,9,2020
"SHORE",0.48,"M",8,42,8,2020
"SHORE",0.695,"F",10,50,9,2020
"SHORE",0.46,"M",6,41,7,2020
"SHORE",0.448,"M",4,41,5,2020
"SHORE",0.812,"M",10,54,5,2020
"SHORE",0.46,"M",4,41,8,2020
"SHORE",0.67,"M",4,49,6,2020
"SHORE",0.53,"M",4,45,7,2020
"SHORE",0.89,"F",10,51,7,2020
"SHORE",0.5,"F",4,42,8,2020
"SHORE",0.59,"M",10,44,6,2020
"SHORE",0.855,"F",6,52,8,2020
"SHORE",0.46,"F",3,41,7,2020
"SHORE",0.49,"F",6,45,5,2020
"SHORE",0.466,"F",3,41,6,2020
"SHORE",0.51,"M",10,45,5,2020
"SHORE",0.46,"M",10,45,5,2020
"SHORE",0.594,"M",10,48,6,2020
"SHORE",0.57,"F",4,43,8,2020
"SHORE",0.632,"M",6,48,6,2020
"SHORE",0.428,"F",4,43,6,2020
"SHORE",0.595,"F",10,47,8,2020
"SHORE",0.54,"M",4,44,7,2020
"SHORE",0.65,"M",6,46,8,2020
"SHORE",0.63,"M",4,45,8,2020
"SHORE",0.475,"M",4,42,7,2020
"SHORE",0.625,"F",6,46,9,2020
"SHORE",0.46,"F",4,43,6,2020
"SHORE",0.48,"M",4,41,9,2020
"SHORE",0.5,"F",8,46,6,2020
"SHORE",1.69,"F",10,69,6,2020
"SHORE",0.798,"F",12,53,6,2020
"SHORE",0.426,"M",4,41,6,2020
"SHORE",0.502,"F",6,45,6,2020
"SHORE",0.522,"M",6,46,6,2020
"SHORE",0.468,"F",4,44,6,2020
"SHORE",0.51,"F",9,45,6,2020
"SHORE",0.446,"F",4,43,6,2020
"SHORE",0.484,"M",6,43,6,2020
"SHORE",0.48,"M",4,41,8,2020
"SHORE",0.615,"F",10,48,7,2020
"SHORE",0.6,"M",4,44,8,2020
"SHORE",0.505,"F",6,45,8,2020
"SHORE",0.495,"F",6,43,8,2020
"SHORE",0.635,"F",10,47,8,2020
"SHORE",0.66,"F",10,47,8,2020
"SHORE",0.515,"M",4,44,8,2020
"SHORE",0.6,"M",6,44,8,2020
"SHORE",0.49,"M",4,42,8,2020
"SHORE",0.765,"M",10,49,7,2020
"SHORE",0.77,"M",9,51,7,2020
"SHORE",0.63,"M",6,48,7,2020
"SHORE",1.195,"F",10,55,7,2020
"SHORE",0.99,"M",7,51,7,2020
"SHORE",0.745,"M",10,50,7,2020
"SHORE",0.69,"F",10,49,7,2020
"SHORE",0.545,"M",10,44,7,2020
"SHORE",1.905,"F",10,68,7,2020
"SHORE",0.605,"M",6,46,7,2020
"SHORE",0.59,"F",4,45,7,2020
"SHORE",0.465,"F",4,44,8,2020
"SHORE",0.625,"F",4,44,8,2020
"SHORE",0.5,"F",4,42,8,2020
"SHORE",0.605,"M",6,45,8,2020
"SHORE",0.61,"F",6,46,8,2020
"SHORE",0.63,"M",10,47,8,2020
"SHORE",0.525,"F",3,42,8,2020
"SHORE",0.5,"M",4,42,8,2020
"SHORE",0.53,"M",6,46,5,2020
"SHORE",0.45,"F",4,43,5,2020
"SHORE",0.54,"F",6,46,5,2020
"SHORE",0.6,"F",10,48,5,2020
"SHORE",0.45,"F",4,42,5,2020
"SHORE",0.55,"F",4,43,5,2020
"SHORE",0.63,"M",6,46,5,2020
"SHORE",0.56,"M",10,45,5,2020
"SHORE",0.4,"M",4,42,5,2020
"SHORE",0.89,"F",5,53,5,2020
"SHORE",0.55,"M",10,46,5,2020
"SHORE",0.48,"F",3,43,5,2020
"SHORE",0.484,"F",4,44,6,2020
"SHORE",0.52,"F",6,45,5,2020
"SHORE",0.61,"F",6,46,5,2020
"SHORE",0.498,"F",4,43,6,2020
"SHORE",0.532,"M",6,45,6,2020
"SHORE",0.56,"M",6,46,6,2020
"SHORE",0.6,"F",11,45,6,2020
"SHORE",0.614,"F",10,48,6,2020
"SHORE",0.566,"F",4,46,6,2020
"SHORE",0.504,"M",4,44,6,2020
"SHORE",0.48,"F",4,43,6,2020
"SHORE",0.64,"M",10,45,9,2020
"SHORE",0.82,"F",10,50,9,2020
"SHORE",0.67,"M",10,45,9,2020
"SHORE",0.6,"M",4,44,9,2020
"SHORE",0.71,"F",10,46,9,2020
"SHORE",0.722,"F",10,51,6,2020
"SHORE",0.814,"M",10,51,6,2020
"SHORE",0.536,"F",4,46,6,2020
"SHORE",0.712,"F",6,48,6,2020
"SHORE",0.426,"F",4,42,6,2020
"SHORE",0.6,"F",6,45,9,2020
"SHORE",0.73,"F",8,49,9,2020
"SHORE",0.71,"F",6,47,9,2020
"SHORE",0.61,"M",13,46,9,2020
"SHORE",0.63,"M",6,45,9,2020
"SHORE",0.64,"M",10,45,9,2020
"SHORE",0.61,"M",10,44,9,2020
"SHORE",0.67,"F",10,47,9,2020
"SHORE",0.73,"F",9,47,9,2020
"SHORE",0.61,"M",6,44,9,2020
"SHORE",0.52,"M",6,43,9,2020
"SHORE",0.925,"F",6,49,8,2020
"SHORE",0.585,"F",6,44,8,2020
"SHORE",0.565,"F",4,43,8,2020
"SHORE",1.185,"F",13,55,8,2020
"SHORE",0.455,"M",6,42,8,2020
"SHORE",0.53,"F",4,44,8,2020
"SHORE",0.63,"F",6,47,8,2020
"SHORE",0.62,"F",10,46,8,2020
"SHORE",0.54,"M",4,42,8,2020
"SHORE",0.76,"F",10,51,8,2020
"SHORE",0.54,"F",4,44,8,2020
"SHORE",0.505,"F",4,42,8,2020
"SHORE",0.83,"F",10,48,8,2020
"SHORE",0.505,"M",6,43,8,2020
"SHORE",0.575,"M",3,43,8,2020
"SHORE",1.175,"F",10,51,8,2020
"SHORE",0.715,"F",6,45,8,2020
"SHORE",0.59,"M",7,45,8,2020
"SHORE",0.61,"M",6,46,8,2020
"SHORE",0.58,"F",6,44,8,2020
"SHORE",0.72,"F",10,45,8,2020
"SHORE",0.53,"F",4,41,8,2020
"SHORE",1.01,"F",10,52,8,2020
"SHORE",0.565,"M",10,45,8,2020
"SHORE",0.775,"F",6,47,8,2020
"SHORE",0.66,"M",5,44,8,2020
"SHORE",0.52,"M",10,44,8,2020
"SHORE",0.565,"M",4,44,8,2020
"SHORE",0.755,"F",6,47,8,2020
"SHORE",0.64,"F",4,43,8,2020
"SHORE",0.635,"M",4,47,8,2020
"SHORE",0.765,"M",10,48,8,2020
"SHORE",0.5,"F",3,44,5,2020
"SHORE",0.52,"M",6,45,5,2020
"SHORE",0.42,"M",4,43,5,2020
"SHORE",0.47,"M",4,43,5,2020
"SHORE",0.53,"M",8,47,5,2020
"SHORE",0.51,"M",6,44,5,2020
"SHORE",0.51,"F",4,44,5,2020
"SHORE",0.47,"M",6,43,5,2020
"SHORE",1.07,"M",12,60,5,2020
"SHORE",0.53,"F",10,46,5,2020
"SHORE",0.46,"M",4,42,5,2020
"SHORE",0.38,"M",4,40,5,2020
"SHORE",0.48,"F",6,45,6,2020
"SHORE",0.62,"F",6,47,6,2020
"SHORE",0.5,"M",6,44,6,2020
"SHORE",0.54,"F",3,44,6,2020
"SHORE",0.52,"F",4,44,6,2020
"SHORE",0.47,"M",7,45,6,2020
"SHORE",0.64,"F",6,47,6,2020
"SHORE",0.38,"M",3,40,6,2020
"SHORE",0.7,"M",10,52,6,2020
"SHORE",0.46,"F",4,43,6,2020
"SHORE",0.48,"M",4,43,6,2020
"SHORE",0.58,"F",4,45,6,2020
"SHORE",0.55,"F",6,45,6,2020
"SHORE",0.51,"F",4,42,9,2020
"SHORE",0.63,"M",8,46,9,2020
"SHORE",0.57,"M",6,44,9,2020
"SHORE",0.56,"F",6,46,9,2020
"SHORE",0.86,"F",6,50,9,2020
"SHORE",0.5,"M",4,42,9,2020
"SHORE",0.59,"M",10,43,9,2020
"SHORE",0.56,"M",6,43,9,2020
"SHORE",0.62,"M",6,44,9,2020
"SHORE",0.965,"F",6,50,9,2020
"SHORE",1.015,"F",6,49,9,2020
"SHORE",0.965,"F",6,49,9,2020
"SHORE",0.76,"F",6,48,9,2020
"SHORE",0.54,"M",10,44,9,2020
"SHORE",0.44,"F",4,41,9,2020
"SHORE",0.59,"M",6,44,9,2020
"SHORE",0.6,"F",6,45,9,2020
"SHORE",0.62,"M",4,45,9,2020
"SHORE",0.53,"M",10,44,9,2020
"SHORE",0.445,"F",4,43,9,2020
"SHORE",0.74,"F",4,48,9,2020
"SHORE",0.63,"M",6,45,9,2020
"SHORE",0.78,"F",5,47,9,2020
"SHORE",0.71,"F",7,49,9,2020
"SHORE",0.77,"M",13,50,9,2020
"SHORE",0.63,"M",10,46,9,2020
"SHORE",0.705,"F",6,49,9,2020
"SHORE",0.64,"F",6,47,9,2020
"SHORE",0.52,"M",6,47,7,2020
"SHORE",0.565,"F",7,46,7,2020
"SHORE",0.545,"F",4,43,7,2020
"SHORE",0.56,"F",6,46,7,2020
"SHORE",0.515,"M",4,44,7,2020
"SHORE",0.525,"M",4,44,7,2020
"SHORE",0.655,"M",6,46,7,2020
"SHORE",0.47,"F",4,44,7,2020
"SHORE",0.855,"F",6,52,7,2020
"SHORE",0.615,"F",9,46,7,2020
"SHORE",0.61,"F",6,47,7,2020
"SHORE",0.42,"F",3,41,7,2020
"SHORE",0.635,"M",10,47,7,2020
"SHORE",0.555,"M",4,44,7,2020
"SHORE",0.59,"F",6,47,7,2020
"SHORE",0.392,"M",4,41,5,2020
"SHORE",0.39,"F",4,42,5,2020
"SHORE",0.51,"M",8,44,5,2020
"SHORE",0.554,"M",10,46,5,2020
"SHORE",0.47,"F",10,46,5,2020
"SHORE",0.528,"F",4,45,5,2020
"SHORE",0.378,"M",3,40,5,2020
"SHORE",0.4,"M",6,41,5,2020
"SHORE",0.452,"M",8,44,5,2020
"SHORE",0.412,"M",3,41,5,2020
"SHORE",0.5,"M",4,43,5,2020
"SHORE",0.66,"F",6,50,5,2020
"SHORE",0.58,"M",6,43,8,2020
"SHORE",0.52,"F",10,46,5,2020
"SHORE",0.482,"M",6,43,5,2020
"SHORE",0.59,"F",4,43,8,2020
"SHORE",0.68,"M",7,47,8,2020
"SHORE",0.63,"F",4,46,8,2020
"SHORE",0.53,"M",10,45,8,2020
"SHORE",0.52,"M",4,41,8,2020
"SHORE",0.48,"F",10,45,8,2020
"SHORE",0.62,"M",6,45,8,2020
"SHORE",0.49,"F",4,43,8,2020
"SHORE",0.68,"F",6,46,8,2020
"SHORE",0.57,"F",4,45,8,2020
"SHORE",0.66,"M",4,46,8,2020
"SHORE",0.58,"F",4,43,8,2020
"SHORE",0.55,"M",6,43,8,2020
"SHORE",0.89,"M",4,52,8,2020
"SHORE",0.51,"F",3,42,8,2020
"SHORE",0.49,"M",4,41,8,2020
"SHORE",0.75,"F",10,50,8,2020
"SHORE",0.66,"F",6,46,8,2020
"SHORE",0.65,"M",6,45,8,2020
"SHORE",0.58,"M",3,44,8,2020
"SHORE",0.48,"F",4,41,8,2020
"SHORE",0.55,"M",3,44,8,2020
"SHORE",0.6,"F",4,44,8,2020
"SHORE",0.55,"M",4,44,10,2020
"SHORE",0.535,"F",4,43,10,2020
"SHORE",0.54,"M",4,44,10,2020
"SHORE",0.655,"M",6,44,10,2020
"SHORE",0.56,"M",3,45,10,2020
"SHORE",0.62,"M",6,46,10,2020
"SHORE",0.48,"M",3,42,10,2020
"SHORE",0.515,"M",7,41,10,2020
"SHORE",0.7,"F",4,47,10,2020
"SHORE",0.565,"M",3,42,10,2020
"SHORE",0.575,"M",4,44,10,2020
"SHORE",0.58,"M",6,44,10,2020
"SHORE",0.515,"M",6,44,10,2020
"SHORE",0.555,"M",4,45,10,2020
"SHORE",0.46,"F",4,43,6,2020
"SHORE",0.6,"F",10,47,6,2020
"SHORE",0.44,"F",3,43,6,2020
"SHORE",0.59,"M",12,46,6,2020
"SHORE",0.49,"F",4,42,6,2020
"SHORE",0.53,"F",9,44,6,2020
"SHORE",0.53,"F",6,44,6,2020
"SHORE",0.41,"M",4,42,6,2020
"SHORE",0.56,"M",10,47,6,2020
"SHORE",0.49,"M",6,44,6,2020
"SHORE",0.53,"M",10,48,6,2020
"SHORE",0.42,"F",3,41,6,2020
"SHORE",0.44,"M",4,41,6,2020
"SHORE",0.47,"M",4,43,6,2020
"SHORE",0.565,"F",10,47,6,2020
"SHORE",0.52,"M",6,44,6,2020
"SHORE",0.54,"M",3,43,6,2020
"SHORE",0.4,"M",3,41,6,2020
"SHORE",0.565,"F",6,47,6,2020
"SHORE",0.68,"M",10,52,6,2020
"SHORE",0.54,"F",6,44,6,2020
"SHORE",0.52,"M",6,44,6,2020
"SHORE",0.42,"M",4,40,6,2020
"SHORE",0.455,"F",4,43,6,2020
"SHORE",0.46,"F",4,43,6,2020
"SHORE",0.49,"M",3,42,6,2020
"SHORE",0.55,"F",6,45,6,2020
"SHORE",0.75,"F",10,48,8,2020
"SHORE",0.59,"M",4,44,8,2020
"SHORE",0.67,"M",6,45,8,2020
"SHORE",0.56,"F",4,43,8,2020
"SHORE",0.63,"F",5,47,8,2020
"SHORE",0.57,"M",4,43,8,2020
"SHORE",0.72,"F",8,46,8,2020
"SHORE",0.64,"F",6,46,8,2020
"SHORE",0.8,"M",6,48,8,2020
"SHORE",0.66,"F",4,47,8,2020
"SHORE",0.764,"F",6,51,6,2020
"SHORE",0.54,"M",4,43,8,2020
"SHORE",0.7,"F",10,48,8,2020
"SHORE",0.7,"F",9,48,8,2020
"SHORE",0.544,"M",10,49,6,2020
"SHORE",0.554,"F",4,45,6,2020
"SHORE",0.502,"M",6,45,6,2020
"SHORE",0.532,"F",6,47,6,2020
"SHORE",0.386,"M",3,40,6,2020
"SHORE",0.504,"F",9,45,6,2020
"SHORE",0.516,"M",6,45,6,2020
"SHORE",0.428,"F",4,43,6,2020
"SHORE",0.422,"M",3,41,6,2020
"SHORE",0.59,"F",4,44,6,2020
"SHORE",0.496,"M",8,44,6,2020
"SHORE",0.915,"F",4,51,9,2020
"SHORE",0.715,"F",10,46,9,2020
"SHORE",0.74,"F",7,48,9,2020
"SHORE",0.68,"F",4,46,9,2020
"SHORE",0.69,"M",4,46,9,2020
"SHORE",0.765,"F",5,48,9,2020
"SHORE",0.76,"F",6,48,9,2020
"SHORE",0.695,"F",4,47,9,2020
"SHORE",0.69,"M",4,45,9,2020
"SHORE",0.67,"M",10,48,9,2020
"SHORE",0.845,"M",10,49,9,2020
"SHORE",0.8,"F",11,50,9,2020
"SHORE",1.13,"M",10,55,9,2020
"SHORE",0.625,"M",10,47,9,2020
"SHORE",1.098,"F",8,56,6,2020
"SHORE",1.154,"F",6,55,6,2020
"SHORE",0.484,"F",3,42,6,2020
"SHORE",0.57,"M",3,45,9,2020
"SHORE",0.67,"F",4,46,9,2020
"SHORE",0.6,"F",4,46,6,2020
"SHORE",0.686,"M",9,50,6,2020
"SHORE",0.464,"M",6,44,6,2020
"SHORE",0.722,"M",4,50,6,2020
"SHORE",0.404,"M",4,43,6,2020
"SHORE",0.49,"M",3,44,6,2020
"SHORE",0.5,"F",6,47,6,2020
"SHORE",0.56,"F",4,45,6,2020
"SHORE",0.47,"F",4,43,6,2020
"SHORE",0.606,"F",10,48,6,2020
"SHORE",0.482,"F",3,44,6,2020
"SHORE",0.534,"M",4,44,6,2020
"SHORE",1.016,"F",6,54,6,2020
"SHORE",0.524,"F",6,47,6,2020
"SHORE",0.974,"F",10,53,6,2020
"SHORE",0.386,"M",4,41,6,2020
"SHORE",0.486,"F",4,43,6,2020
"SHORE",0.774,"M",10,50,6,2020
"SHORE",0.814,"F",6,50,6,2020
"SHORE",0.558,"F",4,45,6,2020
"SHORE",0.438,"F",4,43,6,2020
"SHORE",0.452,"F",4,42,6,2020
"SHORE",0.424,"F",4,42,6,2020
"SHORE",0.554,"F",6,48,6,2020
"SHORE",0.6,"M",10,47,6,2020
"SHORE",0.472,"M",3,43,6,2020
"SHORE",0.444,"M",4,43,6,2020
"SHORE",0.652,"F",6,47,6,2020
"SHORE",0.96,"F",10,51,7,2020
"SHORE",0.73,"M",6,49,7,2020
"SHORE",0.47,"M",4,42,7,2020
"SHORE",0.73,"M",9,47,7,2020
"SHORE",0.55,"F",6,45,7,2020
"SHORE",0.65,"M",8,46,7,2020
"SHORE",0.56,"M",6,44,7,2020
"SHORE",0.62,"M",4,44,7,2020
"SHORE",0.64,"F",4,46,7,2020
"SHORE",0.51,"M",6,44,7,2020
"SHORE",0.56,"M",6,44,7,2020
"SHORE",0.6,"F",6,45,7,2020
"SHORE",0.6,"M",10,44,7,2020
"SHORE",0.58,"M",10,45,7,2020
"SHORE",0.51,"M",4,42,7,2020
"SHORE",0.53,"M",6,43,5,2020
"SHORE",0.49,"F",6,44,5,2020
"SHORE",0.52,"M",4,44,5,2020
"SHORE",0.48,"F",6,44,5,2020
"SHORE",0.56,"M",10,46,5,2020
"SHORE",0.55,"M",10,47,5,2020
"SHORE",0.52,"F",6,45,5,2020
"SHORE",0.57,"M",10,48,6,2020
"SHORE",0.43,"M",4,41,6,2020
"SHORE",0.58,"F",6,46,6,2020
"SHORE",0.465,"F",6,44,6,2020
"SHORE",0.48,"M",6,42,6,2020
"SHORE",0.54,"F",4,45,6,2020
"SHORE",0.62,"F",3,47,6,2020
"SHORE",0.57,"F",10,47,5,2020
"SHORE",0.43,"F",6,45,5,2020
"SHORE",0.48,"M",4,44,5,2020
"SHORE",0.46,"F",6,44,5,2020
"SHORE",0.5,"M",4,44,5,2020
"SHORE",0.6,"F",6,46,5,2020
"SHORE",0.5,"F",3,44,5,2020
"SHORE",0.602,"F",8,47,5,2020
"SHORE",0.5,"M",4,44,5,2020
"SHORE",0.47,"M",6,43,5,2020
"SHORE",0.46,"F",4,42,5,2020
"SHORE",0.468,"M",4,44,5,2020
"SHORE",0.866,"F",6,53,5,2020
"SHORE",0.664,"F",6,47,5,2020
"SHORE",0.66,"F",10,50,5,2020
"SHORE",0.448,"F",4,43,5,2020
"SHORE",0.392,"F",4,42,5,2020
"SHORE",0.406,"M",5,42,5,2020
"SHORE",0.64,"M",12,46,8,2020
"SHORE",0.58,"M",9,45,8,2020
"SHORE",0.555,"M",4,42,8,2020
"SHORE",0.6,"M",6,44,8,2020
"SHORE",0.78,"M",6,49,8,2020
"SHORE",0.61,"M",6,46,8,2020
"SHORE",0.635,"M",10,46,8,2020
"SHORE",0.595,"M",10,45,8,2020
"SHORE",0.715,"M",10,48,8,2020
"SHORE",0.56,"F",4,45,8,2020
"SHORE",0.54,"M",4,42,8,2020
"SHORE",0.56,"F",3,44,8,2020
"SHORE",0.705,"M",6,46,8,2020
"SHORE",0.545,"F",4,44,8,2020
"SHORE",0.685,"F",6,45,8,2020
"SHORE",0.58,"M",10,46,8,2020
"SHORE",0.495,"M",3,42,7,2020
"SHORE",0.565,"F",6,46,7,2020
"SHORE",0.475,"M",6,43,7,2020
"SHORE",0.545,"F",4,44,7,2020
"SHORE",0.545,"F",4,43,7,2020
"SHORE",0.605,"F",6,45,7,2020
"SHORE",0.66,"M",6,47,7,2020
"SHORE",0.45,"F",4,43,7,2020
"SHORE",0.54,"F",6,43,7,2020
"SHORE",0.505,"M",6,43,7,2020
"SHORE",0.475,"M",4,43,7,2020
"SHORE",0.52,"F",6,44,7,2020
"SHORE",0.465,"M",6,41,7,2020
"SHORE",0.805,"F",7,51,8,2020
"SHORE",0.595,"M",4,43,8,2020
"SHORE",0.515,"F",4,47,8,2020
"SHORE",0.52,"F",4,43,8,2020
"SHORE",0.56,"F",4,43,8,2020
"SHORE",0.645,"M",3,47,8,2020
"SHORE",0.68,"F",6,45,8,2020
"SHORE",1.15,"F",10,61,8,2020
"SHORE",0.485,"F",6,44,6,2020
"SHORE",0.56,"F",6,45,6,2020
"SHORE",0.555,"F",6,42,6,2020
"SHORE",0.47,"M",4,42,6,2020
"SHORE",0.505,"M",9,44,6,2020
"SHORE",0.51,"F",4,46,6,2020
"SHORE",0.465,"M",4,44,8,2020
"SHORE",0.64,"F",9,45,8,2020
"SHORE",0.46,"M",4,43,8,2020
"SHORE",0.51,"M",6,44,8,2020
"SHORE",0.745,"F",10,48,8,2020
"SHORE",0.42,"M",6,41,7,2020
"SHORE",0.6,"F",4,45,7,2020
"SHORE",0.43,"M",3,41,7,2020
"SHORE",0.43,"F",4,41,7,2020
"SHORE",0.74,"F",10,50,7,2020
"SHORE",0.45,"M",4,41,7,2020
"SHORE",0.41,"M",3,41,7,2020
"SHORE",0.51,"F",4,43,7,2020
"SHORE",0.44,"F",3,41,7,2020
"SHORE",0.49,"M",4,41,7,2020
"SHORE",0.49,"F",3,44,7,2020
"SHORE",0.58,"F",10,48,7,2020
"SHORE",0.53,"F",4,46,7,2020
"SHORE",0.48,"F",4,44,7,2020
"SHORE",0.39,"F",4,39,7,2020
"SHORE",0.68,"F",6,46,9,2020
"SHORE",1.675,"F",6,62,9,2020
"SHORE",0.82,"M",6,48,9,2020
"SHORE",0.71,"F",6,49,9,2020
"SHORE",0.61,"F",6,45,9,2020
"SHORE",0.595,"F",3,45,9,2020
"SHORE",0.67,"M",3,46,9,2020
"SHORE",0.71,"M",10,48,9,2020
"SHORE",0.675,"M",10,47,9,2020
"SHORE",0.59,"M",6,46,9,2020
"SHORE",0.59,"F",4,44,9,2020
"SHORE",0.61,"M",6,44,9,2020
"SHORE",0.535,"M",4,43,9,2020
"SHORE",0.63,"M",4,47,9,2020
"SHORE",0.56,"M",6,43,9,2020
"SHORE",0.95,"M",7,50,9,2020
"SHORE",0.56,"F",5,45,9,2020
"SHORE",0.49,"F",4,43,9,2020
"SHORE",0.67,"M",10,49,9,2020
"SHORE",0.6,"M",10,45,9,2020
"SHORE",0.64,"M",4,44,9,2020
"SHORE",1.59,"F",10,62,9,2020
"SHORE",0.67,"F",6,44,9,2020
"SHORE",0.51,"F",4,42,9,2020
"SHORE",0.63,"M",6,46,9,2020
"SHORE",0.46,"F",3,42,9,2020
"SHORE",0.595,"M",5,44,7,2020
"SHORE",0.475,"M",3,42,7,2020
"SHORE",0.77,"F",10,49,7,2020
"SHORE",0.71,"M",12,49,7,2020
"SHORE",0.595,"F",4,46,7,2020
"SHORE",0.61,"F",6,45,7,2020
"SHORE",0.865,"F",4,50,7,2020
"SHORE",1.02,"F",6,55,7,2020
"SHORE",0.615,"M",16,47,7,2020
"SHORE",0.56,"M",4,44,7,2020
"SHORE",0.71,"M",6,49,7,2020
"SHORE",0.505,"M",6,44,7,2020
"SHORE",0.59,"M",6,45,7,2020
"SHORE",0.54,"M",6,44,9,2020
"SHORE",0.585,"F",6,43,7,2020
"SHORE",0.66,"M",8,46,7,2020
"SHORE",0.61,"M",10,47,7,2020
"SHORE",0.54,"M",6,45,9,2020
"SHORE",0.7,"M",10,48,9,2020
"SHORE",0.59,"M",10,44,9,2020
"SHORE",0.62,"M",6,45,9,2020
"SHORE",0.59,"F",10,46,9,2020
"SHORE",0.5,"F",4,43,9,2020
"SHORE",0.62,"F",6,45,9,2020
"SHORE",0.63,"M",10,45,9,2020
"SHORE",0.48,"F",6,45,5,2020
"SHORE",0.51,"F",10,47,5,2020
"SHORE",0.46,"M",4,43,5,2020
"SHORE",0.55,"F",6,45,5,2020
"SHORE",0.64,"F",6,51,5,2020
"SHORE",0.45,"F",10,43,5,2020
"SHORE",0.43,"F",4,42,5,2020
"SHORE",0.51,"F",10,44,5,2020
"SHORE",0.35,"F",4,40,5,2020
"SHORE",0.48,"F",6,46,5,2020
"SHORE",0.41,"M",4,41,5,2020
"SHORE",0.765,"F",4,48,7,2020
"SHORE",0.55,"M",6,47,5,2020
"SHORE",0.6,"F",6,49,5,2020
"SHORE",0.355,"F",3,40,7,2020
"SHORE",0.445,"F",6,44,7,2020
"SHORE",0.415,"F",3,41,7,2020
"SHORE",0.56,"M",6,46,7,2020
"SHORE",0.625,"F",10,48,7,2020
"SHORE",0.525,"M",10,46,7,2020
"SHORE",0.75,"M",6,49,7,2020
"SHORE",0.7,"F",10,52,7,2020
"SHORE",0.53,"M",10,43,7,2020
"SHORE",0.715,"M",6,47,7,2020
"SHORE",0.405,"M",4,41,7,2020
"SHORE",0.465,"F",4,44,7,2020
"SHORE",0.46,"M",6,44,7,2020
"SHORE",0.71,"F",4,47,8,2020
"SHORE",1.115,"F",6,54,8,2020
"SHORE",0.61,"F",4,45,8,2020
"SHORE",1.205,"F",8,54,8,2020
"SHORE",0.77,"F",6,48,8,2020
"SHORE",0.66,"F",11,47,8,2020
"SHORE",0.61,"M",4,44,8,2020
"SHORE",0.715,"M",4,47,8,2020
"SHORE",0.685,"M",6,48,8,2020
"SHORE",0.6,"F",4,45,8,2020
"SHORE",0.655,"M",11,45,8,2020
"SHORE",0.475,"M",4,41,8,2020
"SHORE",0.515,"F",6,45,8,2020
"SHORE",0.805,"M",10,50,8,2020
"SHORE",0.49,"F",4,42,8,2020
"SHORE",0.525,"M",10,46,8,2020
"SHORE",0.65,"F",9,47,8,2020
"SHORE",0.565,"M",4,44,8,2020
"SHORE",0.515,"F",6,44,8,2020
"SHORE",0.54,"M",6,44,8,2020
"SHORE",0.645,"F",6,46,8,2020
"SHORE",0.54,"F",4,45,8,2020
"SHORE",0.64,"M",10,48,8,2020
"SHORE",0.57,"F",9,47,8,2020
"SHORE",0.515,"M",4,41,8,2020
"SHORE",0.61,"F",6,48,8,2020
"SHORE",0.51,"M",4,43,8,2020
"SHORE",0.575,"M",10,44,8,2020
"SHORE",0.53,"F",10,45,8,2020
"SHORE",0.48,"M",8,45,6,2020
"SHORE",0.49,"M",4,43,6,2020
"SHORE",0.58,"M",6,45,6,2020
"SHORE",0.47,"F",4,44,6,2020
"SHORE",0.51,"M",4,45,6,2020
"SHORE",0.36,"M",4,40,6,2020
"SHORE",0.47,"F",4,43,6,2020
"SHORE",0.39,"M",4,41,6,2020
"SHORE",0.58,"M",10,47,6,2020
"SHORE",0.44,"M",4,42,6,2020
"SHORE",0.485,"F",6,43,7,2020
"SHORE",0.61,"F",6,45,7,2020
"SHORE",0.47,"M",6,44,7,2020
"SHORE",0.54,"F",4,46,7,2020
"SHORE",0.855,"F",6,51,7,2020
"SHORE",0.52,"M",4,44,7,2020
"SHORE",0.445,"M",4,41,7,2020
"SHORE",0.495,"M",3,42,7,2020
"SHORE",0.46,"M",4,42,7,2020
"SHORE",0.425,"M",3,40,7,2020
"SHORE",0.59,"M",6,44,7,2020
"SHORE",0.52,"M",4,45,7,2020
"SHORE",0.525,"F",3,45,7,2020
"SHORE",0.57,"M",4,45,7,2020
"SHORE",0.59,"F",10,48,7,2020
"SHORE",0.675,"F",10,48,6,2020
"SHORE",0.45,"M",3,42,6,2020
"SHORE",0.375,"M",3,39,6,2020
"SHORE",0.445,"M",4,40,6,2020
"SHORE",0.58,"F",10,46,6,2020
"SHORE",0.475,"F",4,43,6,2020
"SHORE",0.555,"F",6,45,6,2020
"SHORE",0.435,"M",3,39,6,2020
"SHORE",0.505,"M",8,45,6,2020
"SHORE",0.515,"M",6,45,6,2020
"SHORE",0.46,"F",4,43,6,2020
"SHORE",0.51,"M",6,43,6,2020
"SHORE",0.43,"F",3,42,6,2020
"SHORE",0.42,"M",3,41,6,2020
"SHORE",0.58,"F",7,45,7,2020
"SHORE",0.45,"F",4,43,7,2020
"SHORE",0.45,"F",3,42,7,2020
"SHORE",0.59,"M",10,45,7,2020
"SHORE",0.61,"M",4,47,7,2020
"SHORE",0.5,"F",10,44,7,2020
"SHORE",0.61,"M",6,45,7,2020
"SHORE",0.45,"M",4,42,7,2020
"SHORE",0.6,"M",6,45,7,2020
"SHORE",0.53,"F",3,42,7,2020
"SHORE",0.61,"M",6,44,7,2020
"SHORE",0.55,"M",4,44,7,2020
"SHORE",0.44,"M",4,43,7,2020
"SHORE",0.68,"F",6,46,7,2020
"SHORE",0.52,"F",4,44,7,2020
"SHORE",0.5,"M",4,43,7,2020
"SHORE",0.3,"F",2,36,7,2020
"SHORE",0.6,"F",3,45,7,2020
"SHORE",0.55,"F",4,46,5,2020
"SHORE",0.51,"M",4,45,5,2020
"SHORE",0.53,"M",6,43,5,2020
"SHORE",0.49,"F",4,45,5,2020
"SHORE",0.42,"F",4,42,5,2020
"SHORE",0.41,"F",3,41,5,2020
"SHORE",0.59,"F",10,48,5,2020
"SHORE",0.42,"F",4,42,5,2020
"SHORE",0.44,"M",4,43,5,2020
"SHORE",0.49,"F",6,44,5,2020
"SHORE",0.43,"F",4,43,5,2020
"SHORE",0.62,"F",4,46,7,2020
"SHORE",0.52,"M",4,44,5,2020
"SHORE",0.53,"M",10,47,5,2020
"SHORE",0.58,"F",6,43,7,2020
"SHORE",0.54,"M",4,45,7,2020
"SHORE",0.52,"F",4,44,7,2020
"SHORE",0.45,"F",6,41,7,2020
"SHORE",0.505,"M",4,42,7,2020
"SHORE",0.63,"M",6,47,7,2020
"SHORE",0.455,"M",4,42,7,2020
"SHORE",0.505,"M",4,42,7,2020
"SHORE",1.81,"F",13,62,7,2020
"SHORE",0.54,"M",4,43,7,2020
"SHORE",0.605,"F",9,47,7,2020
"SHORE",0.61,"M",6,47,7,2020
"SHORE",0.535,"F",6,44,7,2020
"SHORE",0.444,"F",4,43,5,2020
"SHORE",0.432,"M",6,42,5,2020
"SHORE",0.47,"F",6,44,5,2020
"SHORE",0.446,"M",3,43,5,2020
"SHORE",0.534,"F",4,46,5,2020
"SHORE",0.556,"F",10,48,5,2020
"SHORE",0.448,"M",4,43,5,2020
"SHORE",0.494,"M",6,44,5,2020
"SHORE",0.38,"M",4,43,5,2020
"SHORE",0.396,"F",4,41,5,2020
"SHORE",0.585,"M",6,45,7,2020
"SHORE",0.615,"M",10,46,7,2020
"SHORE",0.515,"M",6,43,7,2020
"SHORE",0.528,"F",10,45,5,2020
"SHORE",0.618,"F",12,49,5,2020
"SHORE",0.46,"M",4,44,5,2020
"SHORE",0.535,"M",6,45,5,2020
"SHORE",0.48,"F",4,45,5,2020
"SHORE",0.376,"M",4,42,5,2020
"SHORE",0.492,"M",5,43,5,2020
"SHORE",0.49,"F",4,42,8,2020
"SHORE",0.935,"F",6,51,8,2020
"SHORE",0.6,"M",4,43,8,2020
"SHORE",0.58,"M",6,44,8,2020
"SHORE",0.615,"M",6,45,8,2020
"SHORE",0.565,"M",3,45,8,2020
"SHORE",0.91,"F",10,50,8,2020
"SHORE",0.705,"F",8,45,8,2020
"SHORE",0.66,"F",10,45,8,2020
"SHORE",0.6,"F",4,45,8,2020
"SHORE",0.57,"M",6,44,8,2020
"SHORE",1.935,"F",9,68,8,2020
"SHORE",0.73,"M",8,47,8,2020
"SHORE",0.58,"F",6,46,8,2020
"SHORE",0.5,"M",4,44,7,2020
"SHORE",0.5,"M",4,42,7,2020
"SHORE",0.495,"M",10,42,7,2020
"SHORE",0.58,"M",6,47,7,2020
"SHORE",0.75,"M",10,52,7,2020
"SHORE",0.505,"F",5,44,7,2020
"SHORE",0.485,"F",6,44,7,2020
"SHORE",0.51,"F",3,43,7,2020
"SHORE",0.65,"F",4,45,8,2020
"SHORE",0.76,"F",4,48,8,2020
"SHORE",0.955,"F",5,52,8,2020
"SHORE",0.585,"M",6,46,8,2020
"SHORE",0.55,"M",10,45,8,2020
"SHORE",0.58,"F",7,46,8,2020
"SHORE",0.925,"F",10,49,8,2020
"SHORE",0.805,"F",13,51,8,2020
"SHORE",1.34,"F",10,57,8,2020
"SHORE",0.47,"M",4,45,8,2020
"SHORE",0.735,"F",10,47,8,2020
"SHORE",0.615,"M",6,47,8,2020
"SHORE",0.52,"F",6,42,8,2020
"SHORE",0.555,"M",4,43,8,2020
"SHORE",0.64,"F",6,46,8,2020
"SHORE",1.2,"F",16,55,8,2020
"SHORE",0.51,"F",4,43,7,2020
"SHORE",0.56,"F",4,44,7,2020
"SHORE",0.58,"F",10,45,7,2020
"SHORE",0.52,"F",4,43,7,2020
"SHORE",0.55,"F",6,37,7,2020
"SHORE",0.66,"F",10,49,7,2020
"SHORE",0.53,"F",6,44,7,2020
"SHORE",0.62,"M",6,45,7,2020
"SHORE",0.53,"F",4,45,7,2020
"SHORE",0.52,"F",4,43,7,2020
"SHORE",0.61,"F",6,47,7,2020
"SHORE",0.5,"M",6,43,7,2020
"SHORE",0.59,"M",4,44,7,2020
"SHORE",0.55,"M",10,44,7,2020
"SHORE",0.56,"U",4,44,7,2020
"SHORE",0.74,"M",6,47,9,2020
"SHORE",0.76,"F",6,51,9,2020
"SHORE",0.79,"F",10,47,9,2020
"SHORE",0.68,"F",10,46,9,2020
"SHORE",0.66,"M",3,45,9,2020
"SHORE",0.49,"F",4,43,7,2020
"SHORE",0.59,"F",6,46,7,2020
"SHORE",0.59,"M",10,47,7,2020
"SHORE",0.46,"M",6,42,6,2020
"SHORE",0.55,"M",6,46,6,2020
"SHORE",0.69,"M",5,49,6,2020
"SHORE",0.46,"M",10,43,6,2020
"SHORE",0.665,"M",10,49,6,2020
"SHORE",0.455,"M",8,44,6,2020
"SHORE",0.485,"F",4,45,6,2020
"SHORE",0.51,"F",6,45,6,2020
"SHORE",1.005,"F",6,56,6,2020
"SHORE",0.505,"M",4,43,6,2020
"SHORE",0.535,"M",6,46,6,2020
"SHORE",0.515,"F",6,43,6,2020
"SHORE",0.59,"F",4,47,6,2020
"SHORE",0.52,"F",4,43,6,2020
"SHORE",0.61,"F",10,50,6,2020
"SHORE",0.64,"F",6,46,9,2020
"SHORE",0.58,"M",6,45,9,2020
"SHORE",0.61,"F",4,47,9,2020
"SHORE",0.66,"M",10,46,9,2020
"SHORE",0.69,"M",4,45,9,2020
"SHORE",0.66,"F",6,48,9,2020
"SHORE",0.59,"M",3,43,9,2020
"SHORE",0.76,"F",10,47,9,2020
"SHORE",0.61,"F",10,49,9,2020
"SHORE",0.575,"M",6,43,7,2020
"SHORE",0.495,"M",4,42,7,2020
"SHORE",0.61,"M",12,47,7,2020
"SHORE",0.88,"F",10,55,7,2020
"SHORE",0.47,"M",6,43,7,2020
"SHORE",0.56,"M",10,45,7,2020
"SHORE",0.565,"F",4,44,7,2020
"SHORE",0.49,"F",4,41,7,2020
"SHORE",0.55,"M",6,45,7,2020
"SHORE",0.65,"F",9,49,7,2020
"SHORE",0.55,"F",6,47,7,2020
"SHORE",1.39,"F",16,58,7,2020
"SHORE",0.51,"M",8,43,7,2020
"SHORE",0.43,"F",4,42,7,2020
"SHORE",0.58,"F",4,45,7,2020
"SHORE",0.57,"M",12,44,7,2020
"SHORE",0.52,"M",6,43,7,2020
"SHORE",0.47,"M",4,43,7,2020
"SHORE",0.58,"M",6,43,8,2020
"SHORE",0.7,"M",6,46,8,2020
"SHORE",0.5,"F",4,44,8,2020
"SHORE",0.565,"M",4,43,8,2020
"SHORE",1.07,"F",11,53,8,2020
"SHORE",0.55,"M",4,42,8,2020
"SHORE",0.485,"M",3,43,8,2020
"SHORE",0.56,"M",4,43,8,2020
"SHORE",0.75,"F",6,47,8,2020
"SHORE",0.465,"M",3,40,8,2020
"SHORE",0.48,"F",4,44,8,2020
"SHORE",0.58,"F",4,43,8,2020
"SHORE",0.875,"F",6,50,8,2020
"SHORE",0.48,"M",3,42,8,2020
"SHORE",0.59,"F",6,45,8,2020
"SHORE",0.65,"M",12,47,10,2020
"SHORE",0.635,"F",6,46,10,2020
"SHORE",0.77,"M",11,48,10,2020
"SHORE",0.635,"M",6,46,10,2020
"SHORE",0.645,"M",10,45,10,2020
"SHORE",0.625,"F",6,46,10,2020
"SHORE",0.585,"F",6,45,10,2020
"SHORE",0.645,"M",6,44,10,2020
"SHORE",0.575,"M",6,45,10,2020
"SHORE",0.575,"M",5,43,10,2020
"SHORE",0.665,"M",6,47,10,2020
"SHORE",0.66,"F",6,45,10,2020
"SHORE",0.7,"F",7,48,10,2020
"SHORE",0.73,"F",6,44,8,2020
"SHORE",0.64,"F",4,45,8,2020
"SHORE",0.56,"F",6,44,8,2020
"SHORE",0.565,"F",6,44,8,2020
"SHORE",0.54,"F",4,43,8,2020
"SHORE",0.64,"M",6,48,8,2020
"SHORE",0.66,"F",6,45,8,2020
"SHORE",0.555,"F",4,43,8,2020
"SHORE",0.545,"F",4,44,8,2020
"SHORE",0.905,"M",8,42,8,2020
"SHORE",0.64,"F",4,43,8,2020
"SHORE",0.56,"M",6,44,8,2020
"SHORE",0.665,"M",6,45,8,2020
"SHORE",0.43,"F",4,43,9,2020
"SHORE",0.56,"F",6,44,9,2020
"SHORE",0.56,"F",9,47,9,2020
"SHORE",0.55,"F",4,44,9,2020
"SHORE",0.48,"M",4,42,9,2020
"SHORE",0.55,"M",6,45,9,2020
"SHORE",0.64,"F",4,46,9,2020
"SHORE",0.55,"F",4,45,9,2020
"SHORE",0.44,"M",6,42,9,2020
"SHORE",0.8,"M",10,49,8,2020
"SHORE",0.54,"F",10,45,8,2020
"SHORE",0.6,"F",4,46,8,2020
"SHORE",0.55,"M",3,42,8,2020
"SHORE",0.5,"M",4,43,8,2020
"SHORE",0.64,"M",10,47,8,2020
"SHORE",0.7,"F",10,49,8,2020
"SHORE",0.6,"F",10,46,8,2020
"SHORE",0.69,"F",6,49,8,2020
"SHORE",0.48,"M",4,42,8,2020
"SHORE",0.57,"M",6,45,8,2020
"SHORE",0.65,"F",4,45,8,2020
"SHORE",0.56,"M",10,44,8,2020
"SHORE",0.69,"M",6,48,8,2020
"SHORE",0.9,"F",10,52,8,2020
"SHORE",1.08,"F",6,56,5,2020
"SHORE",0.65,"F",10,50,5,2020
"SHORE",0.41,"F",4,41,5,2020
"SHORE",0.52,"F",4,43,5,2020
"SHORE",0.53,"F",10,47,5,2020
"SHORE",0.51,"F",5,44,5,2020
"SHORE",0.53,"M",10,45,5,2020
"SHORE",0.46,"F",4,43,5,2020
"SHORE",0.53,"F",4,46,5,2020
"SHORE",0.48,"F",4,44,5,2020
"SHORE",0.46,"M",4,42,5,2020
"SHORE",0.55,"M",6,45,5,2020
"SHORE",0.7,"M",4,49,5,2020
"SHORE",0.47,"F",4,44,5,2020
"SHORE",0.49,"M",6,44,5,2020
"SHORE",0.47,"F",6,44,5,2020
"SHORE",0.6,"M",10,45,10,2020
"SHORE",0.67,"M",6,48,10,2020
"SHORE",0.54,"M",6,44,10,2020
"SHORE",0.58,"F",4,45,10,2020
"SHORE",0.56,"M",6,44,10,2020
"SHORE",0.66,"F",3,46,10,2020
"SHORE",0.53,"F",6,43,10,2020
"SHORE",0.51,"M",4,43,10,2020
"SHORE",0.68,"F",6,47,10,2020
"SHORE",0.69,"F",6,45,10,2020
"SHORE",0.66,"F",6,47,10,2020
"SHORE",0.68,"F",4,47,10,2020
"SHORE",0.61,"M",11,47,10,2020
"SHORE",0.7,"M",10,47,10,2020
"SHORE",0.6,"M",6,45,10,2020
"SHORE",0.66,"F",6,46,10,2020
"SHORE",0.79,"M",6,47,9,2020
"SHORE",0.51,"M",6,43,9,2020
"SHORE",0.62,"F",3,45,9,2020
"SHORE",0.41,"M",4,40,9,2020
"SHORE",0.68,"F",4,47,9,2020
"SHORE",0.48,"M",4,44,9,2020
"SHORE",0.49,"F",10,46,9,2020
"SHORE",0.83,"F",10,51,9,2020
"SHORE",0.61,"F",4,47,9,2020
"SHORE",0.72,"M",10,47,9,2020
"SHORE",0.5,"M",4,42,9,2020
"SHORE",0.63,"M",10,47,9,2020
"SHORE",0.62,"M",6,46,9,2020
"SHORE",0.75,"M",10,47,9,2020
"SHORE",0.7,"M",10,47,9,2020
"SHORE",0.63,"F",6,45,10,2020
"SHORE",0.62,"M",3,45,10,2020
"SHORE",0.61,"F",6,45,10,2020
"SHORE",0.6,"M",10,45,10,2020
"SHORE",0.67,"F",10,48,10,2020
"SHORE",0.55,"M",6,44,10,2020
"SHORE",0.58,"M",6,42,10,2020
"SHORE",0.56,"M",6,42,10,2020
"SHORE",0.49,"M",4,42,10,2020
"SHORE",0.665,"F",4,48,9,2020
"SHORE",0.58,"F",5,43,10,2020
"SHORE",0.69,"M",10,45,9,2020
"SHORE",0.595,"F",6,44,9,2020
"SHORE",0.6,"M",6,45,9,2020
"SHORE",0.52,"M",4,42,9,2020
"SHORE",0.635,"F",6,47,9,2020
"SHORE",0.625,"F",10,47,9,2020
"SHORE",0.875,"F",6,50,9,2020
"SHORE",0.94,"F",9,49,9,2020
"SHORE",0.575,"M",6,45,9,2020
"SHORE",0.61,"F",6,45,9,2020
"SHORE",0.505,"M",9,44,9,2020
"SHORE",0.535,"M",4,44,9,2020
"SHORE",0.565,"M",6,45,9,2020
"SHORE",0.79,"M",6,48,9,2020
"SHORE",0.57,"F",4,43,10,2020
"SHORE",0.59,"M",6,44,10,2020
"SHORE",0.64,"F",10,48,10,2020
"SHORE",0.62,"M",6,45,10,2020
"SHORE",0.535,"M",4,45,9,2020
"SHORE",0.68,"M",4,48,9,2020
"SHORE",0.59,"F",4,44,9,2020
"SHORE",0.76,"F",6,49,9,2020
"SHORE",0.655,"F",4,45,9,2020
"SHORE",0.62,"M",6,47,9,2020
"SHORE",0.565,"F",4,44,9,2020
"SHORE",0.565,"F",10,45,9,2020
"SHORE",0.54,"F",6,45,9,2020
"SHORE",0.515,"M",6,44,9,2020
"SHORE",0.565,"M",4,41,9,2020
"SHORE",0.66,"F",3,43,9,2020
"SHORE",0.7,"F",4,46,9,2020
"SHORE",0.71,"M",4,49,9,2020
"SHORE",0.65,"F",6,45,10,2020
"SHORE",0.57,"M",4,45,10,2020
"SHORE",0.62,"M",6,44,10,2020
"SHORE",0.66,"F",4,47,10,2020
"SHORE",0.61,"M",6,46,10,2020
"SHORE",0.55,"F",6,45,10,2020
"SHORE",0.55,"F",4,44,10,2020
"SHORE",0.69,"F",6,47,10,2020
"SHORE",0.58,"M",4,45,10,2020
"SHORE",0.775,"M",11,50,9,2020
"SHORE",0.645,"M",10,45,9,2020
"SHORE",0.655,"F",11,49,9,2020
"SHORE",0.565,"M",4,45,9,2020
"SHORE",0.63,"M",4,45,9,2020
"SHORE",0.53,"F",3,42,9,2020
"SHORE",0.64,"F",6,47,9,2020
"SHORE",0.48,"F",4,44,9,2020
"SHORE",0.605,"F",4,45,9,2020
"SHORE",0.65,"F",5,45,9,2020
"SHORE",0.625,"M",6,46,10,2020
"SHORE",0.625,"F",6,46,10,2020
"SHORE",0.72,"M",6,48,10,2020
"SHORE",0.61,"M",4,44,10,2020
"SHORE",0.595,"F",6,44,10,2020
"SHORE",0.63,"M",10,45,10,2020
"SHORE",0.52,"M",6,42,10,2020
"SHORE",0.615,"F",6,46,10,2020
"SHORE",0.515,"F",4,43,10,2020
"SHORE",0.555,"M",10,43,10,2020
"SHORE",0.635,"M",6,44,10,2020
"SHORE",0.59,"M",3,42,10,2020
"SHORE",0.575,"M",4,42,10,2020
"SHORE",0.65,"M",4,44,10,2020
"SHORE",0.61,"M",10,46,10,2020
"SHORE",0.805,"F",6,49,10,2020
"SHORE",0.62,"F",6,46,10,2020
"SHORE",0.695,"F",4,46,10,2020
"SHORE",0.525,"F",6,44,10,2020
"SHORE",0.59,"M",6,44,10,2020
"SHORE",0.415,"M",3,40,10,2020
"SHORE",0.66,"F",10,45,10,2020
"SHORE",0.705,"M",4,47,10,2020
"SHORE",0.54,"M",3,45,10,2020
"SHORE",0.54,"M",3,43,10,2020
"SHORE",0.59,"M",6,44,10,2020
"SHORE",0.645,"F",6,43,10,2020
"SHORE",0.565,"M",10,46,7,2020
"SHORE",0.66,"F",6,49,7,2020
"SHORE",0.795,"F",6,49,7,2020
"SHORE",0.62,"M",10,45,7,2020
"SHORE",0.655,"M",14,51,7,2020
"SHORE",0.41,"F",4,41,7,2020
"SHORE",0.75,"F",10,52,7,2020
"SHORE",0.56,"M",6,44,7,2020
"SHORE",0.655,"F",10,47,7,2020
"SHORE",0.5,"M",4,44,7,2020
"SHORE",0.545,"F",4,45,7,2020
"SHORE",0.485,"F",4,42,7,2020
"SHORE",0.48,"F",4,44,7,2020
"SHORE",0.5,"F",3,43,7,2020
"SHORE",0.43,"M",3,42,7,2020
"SHORE",0.565,"F",4,45,7,2020
"SHORE",0.485,"F",10,45,7,2020
"SHORE",0.38,"F",3,40,7,2020
"SHORE",0.51,"M",3,43,7,2020
"SHORE",0.6,"F",6,45,7,2020
"SHORE",0.52,"M",6,44,7,2020
"SHORE",0.68,"F",6,47,7,2020
"SHORE",0.53,"M",4,43,7,2020
"SHORE",0.56,"F",4,45,7,2020
"SHORE",0.63,"M",6,47,7,2020
"SHORE",0.62,"M",5,48,7,2020
"SHORE",0.43,"M",4,41,7,2020
"SHORE",0.55,"F",6,46,7,2020
"SHORE",0.54,"M",4,45,7,2020
"SHORE",0.53,"F",4,44,7,2020
"SHORE",0.43,"M",3,41,7,2020
"SHORE",0.58,"M",9,44,7,2020
"SHORE",0.46,"M",4,42,7,2020
"SHORE",0.56,"F",6,45,7,2020
"SHORE",0.54,"F",10,44,7,2020
"SHORE",0.66,"M",10,46,7,2020
"SHORE",0.66,"F",6,47,7,2020
"SHORE",0.64,"F",6,46,7,2020
"SHORE",0.58,"M",10,48,7,2020
"SHORE",0.66,"F",6,45,7,2020
"SHORE",0.56,"F",6,46,7,2020
"SHORE",0.68,"M",10,47,7,2020
"SHORE",0.64,"F",6,47,7,2020
"SHORE",0.66,"F",10,49,7,2020
"SHORE",0.72,"M",10,50,8,2020
"SHORE",0.6,"M",6,46,8,2020
"SHORE",0.45,"F",4,43,8,2020
"SHORE",0.49,"M",6,44,8,2020
"SHORE",0.61,"F",6,47,8,2020
"SHORE",0.54,"M",4,45,8,2020
"SHORE",0.52,"F",6,44,8,2020
"SHORE",0.97,"F",8,50,8,2020
"SHORE",0.63,"F",12,48,8,2020
"SHORE",0.55,"M",4,43,8,2020
"SHORE",0.84,"F",9,51,8,2020
"SHORE",0.65,"F",6,47,8,2020
"SHORE",0.66,"F",10,48,8,2020
"SHORE",0.64,"F",10,48,8,2020
"SHORE",0.65,"M",10,47,8,2020
"SHORE",0.65,"F",6,46,8,2020
"SHORE",0.62,"F",6,45,7,2020
"SHORE",0.52,"F",6,45,7,2020
"SHORE",0.575,"F",4,45,7,2020
"SHORE",0.685,"M",6,49,7,2020
"SHORE",0.71,"F",6,48,7,2020
"SHORE",0.625,"F",6,45,7,2020
"SHORE",0.535,"F",4,43,7,2020
"SHORE",0.53,"M",4,42,7,2020
"SHORE",0.565,"F",4,45,7,2020
"SHORE",0.62,"F",6,45,7,2020
"SHORE",0.53,"M",4,43,7,2020
"SHORE",0.63,"F",3,45,7,2020
"SHORE",0.465,"F",6,42,7,2020
"SHORE",0.59,"M",6,46,8,2020
"SHORE",0.615,"M",10,46,8,2020
"SHORE",0.505,"F",4,42,8,2020
"SHORE",0.45,"F",4,42,8,2020
"SHORE",0.545,"U",4,46,8,2020
"SHORE",0.79,"F",10,50,8,2020
"SHORE",0.66,"F",6,45,8,2020
"SHORE",0.44,"M",4,41,8,2020
"SHORE",0.565,"F",4,47,8,2020
"SHORE",0.685,"M",10,47,8,2020
"SHORE",0.695,"M",4,48,8,2020
"SHORE",0.565,"M",4,44,8,2020
"SHORE",0.575,"F",3,44,8,2020
"SHORE",0.665,"M",10,47,8,2020
"SHORE",0.47,"F",4,41,8,2020
"SHORE",0.67,"F",10,48,8,2020
"SHORE",0.55,"F",6,47,8,2020
"SHORE",0.62,"M",6,45,8,2020
