,Source,Weight_kg,Sex,Age_yrs,Month,Year
1,CAN_polish,0.98,U,12,9,1982
2,CAN_polish,0.76,U,5,9,1982
3,CAN_polish,1.27,U,12,9,1982
4,CAN_polish,0.9,U,12,9,1982
5,CAN_polish,1.03,U,11,9,1982
6,CAN_polish,0.98,U,13,9,1982
7,CAN_polish,0.9,U,12,9,1982
8,CAN_polish,0.93,U,9,9,1982
9,CAN_polish,0.78,U,5,9,1982
10,CAN_polish,0.75,U,12,9,1982
11,CAN_polish,0.86,U,6,9,1982
12,CAN_polish,0.88,U,5,9,1982
13,CAN_polish,1.41,U,6,9,1982
14,CAN_polish,1.56,U,12,9,1982
15,CAN_polish,0.99,U,12,9,1982
16,CAN_polish,0.78,U,13,9,1982
17,CAN_polish,0.93,U,12,9,1982
18,CAN_polish,0.96,U,12,9,1982
19,CAN_polish,1.13,U,10,9,1982
20,CAN_polish,0.78,U,5,9,1982
21,CAN_polish,0.91,U,9,9,1982
22,CAN_polish,1,U,12,9,1982
23,CAN_polish,1.03,U,5,9,1982
24,CAN_polish,0.73,U,12,9,1982
25,CAN_polish,1.04,U,14,9,1982
26,CAN_polish,0.78,U,5,9,1982
27,CAN_polish,0.72,U,9,9,1982
28,CAN_polish,0.83,U,9,9,1982
29,CAN_polish,0.83,U,9,9,1982
30,CAN_polish,1.08,U,9,9,1982
31,CAN_polish,1.09,U,9,9,1982
32,CAN_polish,0.85,U,12,9,1982
33,CAN_polish,0.74,U,13,9,1982
34,CAN_polish,1.04,U,11,9,1982
35,CAN_polish,0.89,U,8,9,1982
36,CAN_polish,0.96,U,12,9,1982
37,CAN_polish,1.15,U,12,9,1982
38,CAN_polish,0.93,U,12,9,1982
39,CAN_polish,1,U,12,9,1982
40,CAN_polish,1.07,U,10,9,1982
41,CAN_polish,0.94,U,12,9,1982
42,CAN_polish,1.05,U,5,9,1982
43,CAN_polish,1.32,U,12,9,1982
44,CAN_polish,0.86,U,11,9,1982
45,CAN_polish,0.91,U,12,9,1982
46,CAN_polish,0.86,U,9,9,1982
47,CAN_polish,0.79,U,13,9,1982
48,CAN_polish,0.92,U,5,9,1982
49,CAN_polish,1.08,U,5,9,1982
50,CAN_polish,1.23,U,14,9,1982
51,CAN_polish,1.28,U,13,9,1982
52,CAN_polish,0.93,U,8,9,1982
53,CAN_polish,0.83,U,12,9,1982
54,CAN_polish,0.91,U,5,9,1982
55,CAN_polish,1.07,U,12,9,1982
56,CAN_polish,1.16,U,6,9,1982
57,CAN_polish,0.83,U,8,9,1982
58,CAN_polish,1.38,U,9,9,1982
59,CAN_polish,0.99,U,9,9,1982
60,CAN_polish,0.94,U,7,9,1982
61,CAN_polish,1.06,U,7,9,1982
62,CAN_polish,0.88,U,12,9,1982
63,CAN_polish,1.16,U,5,9,1982
64,CAN_polish,0.84,U,9,9,1982
65,CAN_polish,1.11,U,9,9,1982
66,CAN_polish,0.96,U,5,9,1982
67,CAN_polish,0.91,U,5,9,1982
68,CAN_polish,1.06,U,9,9,1982
69,CAN_polish,1.18,U,6,9,1982
70,CAN_polish,1.23,U,9,9,1982
71,CAN_polish,0.77,U,5,9,1982
72,CAN_polish,0.76,U,5,9,1982
73,CAN_polish,0.88,U,5,9,1982
74,CAN_polish,0.87,U,5,9,1982
75,CAN_polish,0.95,U,12,9,1982
76,CAN_polish,0.79,U,5,9,1982
77,CAN_polish,0.76,U,13,9,1982
78,CAN_polish,0.99,U,12,9,1982
79,CAN_polish,1.28,U,9,9,1982
80,CAN_polish,1.36,U,10,9,1982
81,CAN_polish,1.05,U,14,9,1982
82,CAN_polish,0.81,U,12,9,1982
83,CAN_polish,0.75,U,12,9,1982
84,CAN_polish,0.86,U,12,9,1982
85,CAN_polish,1.06,U,10,9,1982
86,CAN_polish,0.99,U,8,9,1982
87,CAN_polish,0.91,U,10,9,1982
88,CAN_polish,1.04,U,14,9,1982
89,CAN_polish,1.15,U,12,9,1982
90,CAN_polish,1.18,U,11,9,1982
91,CAN_polish,1.02,U,9,9,1982
92,CAN_polish,0.93,U,9,9,1982
93,CAN_polish,0.74,U,10,9,1982
94,CAN_polish,0.94,U,8,9,1982
95,CAN_polish,0.92,U,7,9,1982
96,CAN_polish,0.98,U,12,9,1982
97,CAN_polish,1.06,U,9,9,1982
98,CAN_polish,1.08,U,12,9,1982
99,CAN_polish,1.59,U,12,9,1982
100,CAN_polish,0.92,U,8,9,1982
101,CAN_polish,0.78,U,4,9,1982
102,CAN_polish,1.08,U,5,9,1982
103,CAN_polish,1.24,U,9,9,1982
104,CAN_polish,1.06,U,12,9,1982
105,CAN_polish,1.23,U,12,9,1982
106,CAN_polish,2.11,U,13,9,1982
107,CAN_polish,0.87,U,5,9,1982
108,CAN_polish,0.99,U,12,9,1982
109,CAN_polish,0.79,U,7,9,1982
110,CAN_polish,1.09,U,11,9,1982
111,CAN_polish,1.18,U,12,9,1982
112,CAN_polish,0.88,U,5,9,1982
113,CAN_polish,1.43,U,10,9,1982
114,CAN_polish,1.11,U,8,9,1982
115,CAN_polish,1.08,U,7,9,1982
116,CAN_polish,0.64,U,5,9,1982
117,CAN_polish,1.11,U,11,9,1982
118,CAN_polish,1.24,U,12,9,1982
119,CAN_polish,0.78,U,4,9,1982
120,CAN_polish,0.86,U,6,9,1982
121,CAN_polish,1.08,U,12,9,1982
122,CAN_polish,1.23,U,12,9,1982
123,CAN_polish,0.78,U,5,9,1982
124,CAN_polish,0.78,U,5,9,1982
125,CAN_polish,1.04,U,5,9,1982
126,CAN_polish,1.21,U,9,9,1982
127,CAN_polish,0.83,U,12,9,1982
128,CAN_polish,1.18,U,9,9,1982
129,CAN_polish,0.98,U,9,9,1982
130,CAN_polish,0.88,U,9,9,1982
131,CAN_polish,1.01,U,14,9,1982
132,CAN_polish,0.98,U,9,9,1982
133,CAN_polish,0.98,U,12,9,1982
134,CAN_polish,0.98,U,12,9,1982
135,CAN_polish,1.03,U,7,9,1982
136,CAN_polish,1.26,U,5,9,1982
137,CAN_polish,1.18,U,12,9,1982
138,CAN_polish,1.04,U,9,9,1982
139,CAN_polish,0.79,U,12,9,1982
140,CAN_polish,1.04,U,13,9,1982
141,CAN_polish,0.92,U,9,9,1982
142,CAN_polish,0.88,U,5,9,1982
143,CAN_polish,1.12,U,8,9,1982
144,CAN_polish,0.88,U,10,9,1982
145,CAN_polish,0.88,U,12,9,1982
146,CAN_polish,0.98,U,12,9,1982
147,CAN_polish,1.16,U,8,9,1982
148,CAN_polish,1.06,U,12,9,1982
149,CAN_polish,0.92,U,5,9,1982
150,CAN_polish,0.88,U,12,9,1982
151,CAN_polish,1.03,U,14,9,1982
152,CAN_polish,0.98,U,9,9,1982
153,CAN_polish,0.88,U,10,9,1982
154,CAN_polish,0.75,U,12,9,1982
155,CAN_polish,0.88,U,12,9,1982
156,CAN_polish,1.16,U,10,9,1982
157,CAN_polish,1.77,U,12,9,1982
158,CAN_polish,0.83,U,5,9,1982
159,CAN_polish,0.93,U,5,9,1982
160,CAN_polish,0.99,U,11,9,1982
161,CAN_polish,1.01,U,5,9,1982
162,CAN_polish,0.95,U,7,9,1982
163,CAN_polish,1.38,U,9,9,1982
164,CAN_polish,0.86,U,5,9,1982
165,CAN_polish,0.88,U,5,9,1982
166,CAN_polish,0.96,U,5,9,1982
167,CAN_polish,0.99,U,12,9,1982
168,CAN_polish,1.43,U,6,9,1982
169,CAN_polish,1.21,U,8,9,1982
170,CAN_polish,0.93,U,12,9,1982
171,CAN_polish,1.25,U,12,9,1982
172,CAN_polish,0.98,U,7,9,1982
173,CAN_polish,1.04,U,12,9,1982
174,CAN_polish,0.89,U,12,9,1982
175,CAN_polish,1.66,U,5,9,1982
176,CAN_polish,1.43,U,12,9,1982
177,CAN_polish,1.15,U,11,9,1982
178,CAN_polish,1.04,U,12,9,1982
179,CAN_polish,0.98,U,12,9,1982
180,CAN_polish,1.38,U,9,9,1982
181,CAN_polish,0.73,U,5,9,1982
182,CAN_polish,0.89,U,7,9,1982
183,CAN_polish,0.88,U,12,9,1982
184,CAN_polish,1.03,U,12,9,1982
185,CAN_polish,0.91,U,7,9,1982
186,CAN_polish,1.29,U,11,9,1982
187,CAN_polish,2.36,U,13,9,1982
188,CAN_polish,1.03,U,12,9,1982
189,CAN_polish,0.83,U,6,9,1982
190,CAN_polish,1.24,U,10,9,1982
191,CAN_polish,0.66,U,5,9,1982
192,CAN_polish,0.79,U,12,9,1982
193,CAN_polish,1.88,U,13,9,1982
194,CAN_polish,0.75,U,5,9,1982
195,CAN_polish,1.06,U,9,9,1982
196,CAN_polish,1,U,12,9,1982
197,CAN_polish,0.97,U,5,9,1982
198,CAN_polish,0.91,U,12,9,1982
199,CAN_polish,0.97,U,5,9,1982
200,CAN_polish,1.03,U,13,9,1982
201,CAN_polish,0.492,U,5,8,1989
202,CAN_polish,1.225,U,3,8,1989
203,CAN_polish,0.949,U,9,8,1989
204,CAN_polish,0.88,U,9,8,1989
205,CAN_polish,1.11,U,9,8,1989
206,CAN_polish,0.955,U,9,8,1989
207,CAN_polish,0.47,U,5,8,1989
208,CAN_polish,1.151,U,10,8,1989
209,CAN_polish,0.929,U,9,8,1989
210,CAN_polish,0.863,U,9,8,1989
211,CAN_polish,1.056,U,9,8,1989
212,CAN_polish,0.964,U,9,8,1989
213,CAN_polish,1.252,U,9,8,1989
214,CAN_polish,0.622,U,9,8,1989
215,CAN_polish,0.747,U,9,8,1989
216,CAN_polish,0.765,U,5,8,1989
217,CAN_polish,0.463,U,5,8,1989
218,CAN_polish,1.204,U,9,8,1989
219,CAN_polish,0.477,U,5,8,1989
220,CAN_polish,0.51,U,9,8,1989
221,CAN_polish,0.611,U,9,8,1989
222,CAN_polish,1.62,U,9,8,1989
223,CAN_polish,2.307,U,19,8,1989
224,CAN_polish,0.768,U,9,8,1989
225,CAN_polish,1.435,U,9,8,1989
226,CAN_polish,1.013,U,9,8,1989
227,CAN_polish,0.506,U,5,8,1989
228,CAN_polish,0.808,U,5,8,1989
229,CAN_polish,0.848,U,9,8,1989
230,CAN_polish,0.66,U,5,8,1989
231,CAN_polish,0.652,U,9,8,1989
232,CAN_polish,1.012,U,9,8,1989
233,CAN_polish,0.587,U,9,8,1989
234,CAN_polish,0.662,U,5,8,1989
235,CAN_polish,0.682,U,9,8,1989
236,CAN_polish,0.757,U,5,8,1989
237,CAN_polish,0.948,U,9,8,1989
238,CAN_polish,0.497,U,5,8,1989
239,CAN_polish,0.993,U,10,8,1989
240,CAN_polish,1.24,U,12,8,1989
241,CAN_polish,1.548,U,12,8,1989
242,CAN_polish,0.785,U,9,8,1989
243,CAN_polish,1.141,U,9,8,1989
244,CAN_polish,0.806,U,9,8,1989
245,CAN_polish,0.502,U,5,8,1989
246,CAN_polish,0.764,U,5,8,1989
247,CAN_polish,0.863,U,5,8,1989
248,CAN_polish,0.65,U,9,8,1989
249,CAN_polish,0.767,U,9,8,1989
250,CAN_polish,0.702,U,5,8,1989
251,CAN_polish,0.51,U,3,8,1989
252,CAN_polish,0.511,U,5,8,1989
253,CAN_polish,1.299,U,9,8,1989
254,CAN_polish,0.94,U,5,8,1989
255,CAN_polish,0.624,U,12,8,1989
256,CAN_polish,1.258,U,9,8,1989
257,CAN_polish,0.747,U,5,8,1989
258,CAN_polish,0.559,U,9,8,1989
259,CAN_polish,0.78,U,9,8,1989
260,CAN_polish,1.264,U,12,8,1989
261,CAN_polish,0.828,U,9,8,1989
262,CAN_polish,0.973,U,9,8,1989
263,CAN_polish,1.201,U,9,8,1989
264,CAN_polish,0.784,U,9,8,1989
265,CAN_polish,0.79,U,9,8,1989
266,CAN_polish,0.662,U,9,8,1989
267,CAN_polish,0.917,U,9,8,1989
268,CAN_polish,1.14,U,9,8,1989
269,CAN_polish,0.542,U,5,8,1989
270,CAN_polish,0.421,U,5,8,1989
271,CAN_polish,0.577,U,9,8,1989
272,CAN_polish,1.06,U,9,8,1989
273,CAN_polish,0.632,U,9,8,1989
274,CAN_polish,1.316,U,9,8,1989
275,CAN_polish,1.282,U,9,8,1989
276,CAN_polish,0.496,U,5,8,1989
277,CAN_polish,1.001,U,9,8,1989
278,CAN_polish,1.064,U,12,8,1989
279,CAN_polish,0.919,U,12,8,1989
280,CAN_polish,0.525,U,5,8,1989
281,CAN_polish,0.764,U,5,8,1989
282,CAN_polish,1.416,U,12,8,1989
283,CAN_polish,0.674,U,5,8,1989
284,CAN_polish,0.785,U,10,8,1989
285,CAN_polish,0.62,U,5,8,1989
286,CAN_polish,0.535,U,5,8,1989
287,CAN_polish,1.09,U,9,8,1989
288,CAN_polish,1.118,U,9,8,1989
289,CAN_polish,1.286,U,9,8,1989
290,CAN_polish,1.222,U,9,8,1989
291,CAN_polish,0.934,U,12,8,1989
292,CAN_polish,0.563,U,5,8,1989
293,CAN_polish,0.807,U,5,8,1989
294,CAN_polish,1.329,U,9,8,1989
295,CAN_polish,0.873,U,9,8,1989
296,CAN_polish,0.548,U,5,8,1989
297,CAN_polish,0.795,U,9,8,1989
298,CAN_polish,0.961,U,9,8,1989
299,CAN_polish,1.035,U,9,8,1989
300,CAN_polish,1.309,U,11,8,1989
301,CAN_polish,0.741,U,9,8,1989
302,CAN_polish,0.922,U,9,8,1989
303,CAN_polish,1.23,U,9,8,1989
304,CAN_polish,0.883,U,9,8,1989
305,CAN_polish,1.051,U,12,8,1989
306,CAN_polish,1.185,U,12,8,1989
307,CAN_polish,1.077,U,9,8,1989
308,CAN_polish,1.359,U,9,8,1989
309,CAN_polish,1.344,U,12,8,1989
310,CAN_polish,0.821,U,9,8,1989
311,CAN_polish,0.755,U,5,8,1989
312,CAN_polish,0.81,U,5,8,1989
313,CAN_polish,0.666,U,9,8,1989
314,CAN_polish,1.408,U,9,8,1989
315,CAN_polish,0.65,U,5,8,1989
316,CAN_polish,0.467,U,5,8,1989
317,CAN_polish,0.523,U,5,8,1989
318,CAN_polish,0.597,U,5,8,1989
319,CAN_polish,1.275,U,9,8,1989
320,CAN_polish,1.177,U,9,8,1989
321,CAN_polish,0.481,U,5,8,1989
322,CAN_polish,1.433,U,9,8,1989
323,CAN_polish,1.514,U,12,8,1989
324,CAN_polish,0.907,U,9,8,1989
325,CAN_polish,0.673,U,9,8,1989
326,CAN_polish,0.745,U,5,8,1989
327,CAN_polish,0.817,U,9,8,1989
328,CAN_polish,0.561,U,9,8,1989
329,CAN_polish,1.14,U,9,8,1989
330,CAN_polish,0.805,U,9,8,1989
331,CAN_polish,0.582,U,9,8,1989
332,CAN_polish,1.145,U,16,8,1989
333,CAN_polish,0.746,U,5,8,1989
334,CAN_polish,0.67,U,12,8,1989
335,CAN_polish,0.544,U,9,8,1989
336,CAN_polish,1.317,U,9,8,1989
337,CAN_polish,1.24,U,9,8,1989
338,CAN_polish,0.591,U,5,8,1989
339,CAN_polish,1.206,U,9,8,1989
340,CAN_polish,0.748,U,5,8,1989
341,CAN_polish,0.629,U,9,8,1989
342,CAN_polish,1.681,U,12,8,1989
343,CAN_polish,1.467,U,12,8,1989
344,CAN_polish,0.662,U,9,8,1989
345,CAN_polish,0.52,U,9,8,1989
346,CAN_polish,1.149,U,9,8,1989
347,CAN_polish,0.921,U,9,8,1989
348,CAN_polish,1.031,U,9,8,1989
349,CAN_polish,1.319,U,9,8,1989
350,CAN_polish,1.013,U,9,8,1989
351,CAN_polish,1.13,U,9,8,1989
352,CAN_polish,1.108,U,9,8,1989
353,CAN_polish,1.016,U,10,8,1989
354,CAN_polish,0.564,U,5,8,1989
355,CAN_polish,0.764,U,9,8,1989
356,CAN_polish,0.823,U,5,8,1989
357,CAN_polish,0.729,U,9,8,1989
358,CAN_polish,1.583,U,9,8,1989
359,CAN_polish,1.066,U,9,8,1989
360,CAN_polish,1.467,U,9,8,1989
361,CAN_polish,0.912,U,9,8,1989
362,CAN_polish,0.893,U,9,8,1989
363,CAN_polish,0.794,U,9,8,1989
364,CAN_polish,0.977,U,9,8,1989
365,CAN_polish,0.621,U,5,8,1989
366,CAN_polish,0.779,U,5,8,1989
367,CAN_polish,0.796,U,9,8,1989
368,CAN_polish,0.827,U,9,8,1989
369,CAN_polish,0.821,U,9,8,1989
370,CAN_polish,1.057,U,9,8,1989
371,CAN_polish,0.605,U,9,8,1989
372,CAN_polish,1.037,U,9,8,1989
373,CAN_polish,0.689,U,9,8,1989
374,CAN_polish,0.674,U,9,8,1989
375,CAN_polish,0.605,U,9,8,1989
376,CAN_polish,1.189,U,12,8,1989
377,CAN_polish,1.277,U,9,8,1989
378,CAN_polish,0.964,U,9,8,1989
379,CAN_polish,1.418,U,12,8,1989
380,CAN_polish,0.513,U,5,8,1989
381,CAN_polish,1.049,U,9,8,1989
382,CAN_polish,0.615,U,5,8,1989
383,CAN_polish,0.933,U,9,8,1989
384,CAN_polish,1.388,U,9,8,1989
385,CAN_polish,0.604,U,5,8,1989
386,CAN_polish,0.749,U,9,8,1989
387,CAN_polish,1.045,U,9,8,1989
388,CAN_polish,1.362,U,12,8,1989
389,CAN_polish,1.099,U,9,8,1989
390,CAN_polish,0.595,U,5,8,1989
391,CAN_polish,0.607,U,9,8,1989
392,CAN_polish,0.691,U,5,8,1989
393,CAN_polish,0.525,U,5,8,1989
394,CAN_polish,0.942,U,9,8,1989
395,CAN_polish,1.442,U,9,8,1989
396,CAN_polish,1.277,U,12,8,1989
397,CAN_polish,1.599,U,9,8,1989
398,CAN_polish,0.533,U,9,8,1989
399,CAN_polish,0.78,U,9,8,1989
400,CAN_polish,0.535,U,6,7,1990
401,CAN_polish,0.721,U,10,7,1990
402,CAN_polish,0.546,U,4,7,1990
403,CAN_polish,0.54,U,6,7,1990
404,CAN_polish,0.715,U,10,7,1990
405,CAN_polish,0.615,U,6,7,1990
406,CAN_polish,0.55,U,6,7,1990
407,CAN_polish,0.673,U,6,7,1990
408,CAN_polish,0.79,U,10,7,1990
409,CAN_polish,0.538,U,4,7,1990
410,CAN_polish,0.911,U,10,7,1990
411,CAN_polish,0.669,U,6,7,1990
412,CAN_polish,0.823,U,6,7,1990
413,CAN_polish,0.689,U,6,7,1990
414,CAN_polish,0.492,U,6,7,1990
415,CAN_polish,0.476,U,4,7,1990
416,CAN_polish,0.755,U,6,7,1990
417,CAN_polish,0.61,U,4,7,1990
418,CAN_polish,0.593,U,6,7,1990
419,CAN_polish,0.63,U,6,7,1990
420,CAN_polish,0.696,U,10,7,1990
421,CAN_polish,0.597,U,6,7,1990
422,CAN_polish,0.647,U,10,7,1990
423,CAN_polish,0.529,U,6,7,1990
424,CAN_polish,0.653,U,6,7,1990
425,CAN_polish,0.936,U,10,7,1990
426,CAN_polish,0.692,U,10,7,1990
427,CAN_polish,0.655,U,10,7,1990
428,CAN_polish,0.688,U,10,7,1990
429,CAN_polish,0.591,U,6,7,1990
430,CAN_polish,0.573,U,6,7,1990
431,CAN_polish,0.532,U,6,7,1990
432,CAN_polish,0.757,U,10,7,1990
433,CAN_polish,0.633,U,6,7,1990
434,CAN_polish,0.536,U,10,7,1990
435,CAN_polish,0.535,U,6,7,1990
436,CAN_polish,1.031,U,6,7,1990
437,CAN_polish,0.641,U,6,7,1990
438,CAN_polish,1.041,U,10,7,1990
439,CAN_polish,0.739,U,6,7,1990
440,CAN_polish,0.767,U,6,7,1990
441,CAN_polish,0.494,U,6,7,1990
442,CAN_polish,0.576,U,5,7,1990
443,CAN_polish,0.593,U,6,7,1990
444,CAN_polish,0.824,U,10,7,1990
445,CAN_polish,0.629,U,10,7,1990
446,CAN_polish,0.662,U,10,7,1990
447,CAN_polish,0.513,U,6,7,1990
448,CAN_polish,0.531,U,4,7,1990
449,CAN_polish,0.534,U,7,7,1990
450,CAN_polish,0.797,U,7,7,1990
451,CAN_polish,0.596,U,6,7,1990
452,CAN_polish,0.63,U,6,7,1990
453,CAN_polish,0.566,U,6,7,1990
454,CAN_polish,0.647,U,6,7,1990
455,CAN_polish,0.458,U,6,7,1990
456,CAN_polish,0.616,U,10,7,1990
457,CAN_polish,0.604,U,6,7,1990
458,CAN_polish,0.648,U,6,7,1990
459,CAN_polish,0.476,U,3,7,1990
460,CAN_polish,0.863,U,13,7,1990
461,CAN_polish,0.697,U,6,7,1990
462,CAN_polish,0.505,U,3,7,1990
463,CAN_polish,0.595,U,4,7,1990
464,CAN_polish,0.705,U,10,7,1990
465,CAN_polish,0.971,U,6,7,1990
466,CAN_polish,0.557,U,3,7,1990
467,CAN_polish,0.572,U,6,7,1990
468,CAN_polish,0.79,U,6,7,1990
469,CAN_polish,0.62,U,6,7,1990
470,CAN_polish,0.802,U,10,7,1990
471,CAN_polish,0.518,U,6,7,1990
472,CAN_polish,0.608,U,6,7,1990
473,CAN_polish,0.829,U,10,7,1990
474,CAN_polish,0.807,U,10,7,1990
475,CAN_polish,0.582,U,4,7,1990
476,CAN_polish,0.512,U,6,7,1990
477,CAN_polish,0.633,U,10,7,1990
478,CAN_polish,0.572,U,6,7,1990
479,CAN_polish,0.628,U,6,7,1990
480,CAN_polish,0.856,U,10,7,1990
481,CAN_polish,0.828,U,10,7,1990
482,CAN_polish,0.634,U,6,7,1990
483,CAN_polish,0.695,U,6,7,1990
484,CAN_polish,0.599,U,6,7,1990
485,CAN_polish,0.464,U,6,7,1990
486,CAN_polish,0.82,U,6,7,1990
487,CAN_polish,0.489,U,3,7,1990
488,CAN_jv,0.724,U,7,6,1990
489,CAN_jv,0.626,U,10,6,1990
490,CAN_jv,0.548,U,6,6,1990
491,CAN_jv,0.551,U,6,6,1990
492,CAN_jv,0.512,U,3,6,1990
493,CAN_jv,0.597,U,10,6,1990
494,CAN_jv,1.27,U,10,6,1990
495,CAN_jv,0.805,U,6,6,1990
496,CAN_jv,0.503,U,6,6,1990
497,CAN_jv,0.845,U,10,6,1990
498,CAN_jv,0.424,U,6,6,1990
499,CAN_jv,0.668,U,6,6,1990
500,CAN_jv,0.755,U,6,6,1990
501,CAN_jv,0.565,U,6,6,1990
502,CAN_jv,0.726,U,6,6,1990
503,CAN_jv,0.573,U,10,6,1990
504,CAN_jv,0.53,U,3,6,1990
505,CAN_jv,0.727,U,10,6,1990
506,CAN_jv,1.514,U,10,6,1990
507,CAN_jv,1.467,U,13,6,1990
508,CAN_jv,0.475,U,3,6,1990
509,CAN_jv,0.491,U,6,6,1990
510,CAN_jv,0.658,U,6,6,1990
511,CAN_jv,0.631,U,6,6,1990
512,CAN_jv,1.049,U,10,6,1990
513,CAN_jv,0.762,U,6,6,1990
514,CAN_jv,0.581,U,6,6,1990
515,CAN_jv,0.618,U,7,6,1990
516,CAN_jv,1.367,U,10,6,1990
517,CAN_jv,0.658,U,6,6,1990
518,CAN_jv,0.668,U,8,6,1990
519,CAN_jv,0.644,U,10,6,1990
520,CAN_jv,0.886,U,13,6,1990
521,CAN_jv,1.191,U,6,6,1990
522,CAN_jv,1.464,U,6,6,1990
523,CAN_jv,0.924,U,10,6,1990
524,CAN_jv,0.808,U,6,6,1990
525,CAN_jv,0.65,U,10,6,1990
526,CAN_jv,1.346,U,10,6,1990
527,CAN_jv,0.777,U,10,6,1990
528,CAN_jv,0.715,U,10,6,1990
529,CAN_jv,0.575,U,6,6,1990
530,CAN_jv,0.627,U,10,6,1990
531,CAN_jv,1.22,U,10,6,1990
532,CAN_jv,0.704,U,6,6,1990
533,CAN_jv,0.74,U,10,6,1990
534,CAN_jv,0.817,U,6,6,1990
535,CAN_jv,0.675,U,6,6,1990
536,CAN_jv,0.639,U,6,6,1990
537,CAN_jv,1.24,U,10,6,1990
538,CAN_jv,1.069,U,10,6,1990
539,CAN_jv,0.591,U,6,6,1990
540,CAN_jv,0.67,U,10,6,1990
541,CAN_jv,0.556,U,10,6,1990
542,CAN_jv,0.587,U,10,6,1990
543,CAN_jv,1.285,U,6,6,1990
544,CAN_jv,0.511,U,6,6,1990
545,CAN_jv,0.973,U,17,6,1990
546,CAN_jv,0.824,U,13,6,1990
547,CAN_jv,0.762,U,6,6,1990
548,CAN_jv,0.496,U,6,6,1990
549,CAN_jv,1.14,U,10,6,1990
550,CAN_jv,0.632,U,10,6,1990
551,CAN_jv,1.354,U,13,6,1990
552,CAN_jv,0.73,U,10,6,1990
553,CAN_jv,0.7,U,10,6,1990
554,CAN_jv,0.636,U,10,6,1990
555,CAN_jv,0.332,U,3,6,1990
556,CAN_jv,0.612,U,6,6,1990
557,CAN_jv,1.262,U,6,6,1990
558,CAN_jv,1.099,U,10,6,1990
559,CAN_jv,0.634,U,6,6,1990
560,CAN_jv,0.517,U,10,6,1990
561,CAN_jv,0.911,U,10,6,1990
562,CAN_jv,0.848,U,10,6,1990
563,CAN_jv,1.441,U,13,6,1990
564,CAN_jv,0.766,U,10,6,1990
565,CAN_jv,0.78,U,10,6,1990
566,CAN_jv,0.644,U,10,6,1990
567,CAN_jv,0.646,U,11,6,1990
568,CAN_jv,0.556,U,6,6,1990
569,CAN_jv,1.401,U,10,6,1990
570,CAN_jv,1.069,U,10,6,1990
571,CAN_jv,1.619,U,6,6,1990
572,CAN_jv,1.125,U,10,6,1990
573,CAN_jv,0.581,U,6,6,1990
574,CAN_jv,0.594,U,6,6,1990
575,CAN_jv,0.615,U,6,6,1990
576,CAN_jv,0.458,U,10,6,1990
577,CAN_jv,0.927,U,10,6,1990
578,CAN_jv,0.59,U,6,6,1990
579,CAN_jv,1.169,U,7,6,1990
580,CAN_jv,1.472,U,10,6,1990
581,CAN_jv,0.853,U,11,6,1990
582,CAN_jv,0.407,U,6,6,1990
583,CAN_jv,0.649,U,8,6,1990
584,CAN_jv,0.554,U,6,6,1990
585,CAN_jv,1.685,U,10,6,1990
586,CAN_jv,0.528,U,6,6,1990
587,CAN_jv,0.645,U,6,6,1990
588,CAN_jv,0.825,U,6,6,1990
589,CAN_jv,1.617,U,13,6,1990
590,CAN_jv,1.395,U,10,6,1990
591,CAN_jv,0.823,U,6,6,1990
592,CAN_jv,0.901,U,10,6,1990
593,CAN_jv,0.66,U,10,6,1990
594,CAN_jv,0.653,U,10,6,1990
595,CAN_jv,0.77,U,10,6,1990
596,CAN_jv,0.473,U,6,6,1990
597,CAN_jv,0.709,U,6,6,1990
598,CAN_jv,0.825,U,6,6,1990
599,CAN_jv,0.562,U,10,6,1990
600,CAN_jv,0.534,U,3,6,1990
601,CAN_jv,0.732,U,10,6,1990
602,CAN_jv,0.624,U,6,6,1990
603,CAN_jv,0.756,U,10,6,1990
604,CAN_jv,0.642,U,10,6,1990
605,CAN_jv,1.269,U,10,6,1990
606,CAN_jv,0.998,U,10,6,1990
607,CAN_jv,0.565,U,6,6,1990
608,CAN_jv,0.663,U,10,6,1990
609,CAN_jv,0.658,U,6,6,1990
610,CAN_jv,0.713,U,10,6,1990
611,CAN_jv,1.49,U,17,6,1990
612,CAN_jv,1.535,U,13,6,1990
613,CAN_jv,0.957,U,10,6,1990
614,CAN_jv,0.445,U,3,6,1990
615,CAN_jv,0.48,U,6,6,1990
616,CAN_jv,0.686,U,10,6,1990
617,CAN_jv,1.165,U,10,6,1990
618,CAN_jv,0.607,U,6,6,1990
619,CAN_jv,0.51,U,6,6,1990
620,CAN_jv,1.521,U,10,6,1990
621,CAN_jv,0.72,U,10,6,1990
622,CAN_jv,1.305,U,10,6,1990
623,CAN_jv,1.29,U,10,6,1990
624,CAN_freezer,1.111,U,10,9,2022
625,CAN_freezer,1.493,U,14,9,2022
626,CAN_freezer,0.824,U,6,9,2022
627,CAN_freezer,0.911,U,8,9,2022
628,CAN_freezer,1.03,U,12,9,2022
629,CAN_freezer,0.735,U,6,9,2022
630,CAN_freezer,1.034,U,6,9,2022
631,CAN_freezer,1.136,U,14,9,2022
632,CAN_freezer,1.187,U,12,9,2022
633,CAN_freezer,0.811,U,6,9,2022
634,CAN_freezer,1.331,U,12,9,2022
635,CAN_freezer,0.952,U,14,9,2022
636,CAN_freezer,1.169,U,13,9,2022
637,CAN_freezer,1.029,U,12,9,2022
638,CAN_freezer,1.157,U,13,9,2022
639,CAN_freezer,1.08,U,6,9,2022
640,CAN_freezer,1.208,U,6,9,2022
641,CAN_freezer,0.967,U,12,9,2022
642,CAN_freezer,1.05,U,12,9,2022
643,CAN_freezer,0.793,U,7,9,2022
644,CAN_freezer,1.043,U,12,9,2022
645,CAN_freezer,1.142,U,14,9,2022
646,CAN_freezer,1.1,U,8,9,2022
647,CAN_freezer,0.933,U,6,9,2022
648,CAN_freezer,1.082,U,5,9,2022
649,CAN_freezer,1.07,U,5,9,2022
650,CAN_freezer,1.272,U,6,9,2022
651,CAN_freezer,1.183,U,12,9,2022
652,CAN_freezer,0.793,U,6,9,2022
653,CAN_freezer,1.211,U,6,9,2022
654,CAN_freezer,0.808,U,6,9,2022
655,CAN_freezer,1.062,U,8,9,2022
656,CAN_freezer,0.919,U,5,9,2022
657,CAN_freezer,1.004,U,6,9,2022
658,CAN_freezer,0.911,U,11,9,2022
659,CAN_freezer,0.947,U,13,9,2022
660,CAN_shoreside,0.587,U,5,7,2004
661,CAN_shoreside,0.885,U,5,7,2004
662,CAN_shoreside,0.637,U,5,7,2004
663,CAN_shoreside,0.664,U,5,7,2004
664,CAN_shoreside,0.52,U,5,7,2004
665,CAN_shoreside,0.69,U,5,7,2004
666,CAN_shoreside,0.626,U,5,7,2004
667,CAN_shoreside,0.585,U,5,7,2004
668,CAN_shoreside,0.752,U,5,7,2004
669,CAN_shoreside,0.811,U,12,7,2004
670,CAN_shoreside,0.552,U,4,7,2004
671,CAN_shoreside,0.6,U,5,7,2004
672,CAN_shoreside,0.63,U,5,7,2004
673,CAN_shoreside,0.699,U,5,7,2004
674,CAN_shoreside,0.75,U,5,7,2004
675,CAN_shoreside,0.617,U,8,7,2004
676,CAN_shoreside,0.712,U,5,7,2004
677,CAN_shoreside,0.842,U,11,7,2004
678,CAN_shoreside,0.84,U,5,7,2004
679,CAN_shoreside,0.757,U,5,7,2004
680,CAN_shoreside,0.731,U,5,7,2004
681,CAN_shoreside,0.97,U,6,7,2004
682,CAN_shoreside,0.489,U,7,7,2004
683,CAN_shoreside,0.65,U,5,7,2004
684,CAN_shoreside,0.56,U,5,7,2004
685,CAN_shoreside,0.72,U,5,7,2004
686,CAN_shoreside,0.88,U,8,7,2004
687,CAN_shoreside,0.468,U,5,7,2004
688,CAN_shoreside,0.785,U,5,7,2004
689,CAN_shoreside,0.57,U,5,7,2004
690,CAN_shoreside,0.666,U,5,7,2004
691,CAN_shoreside,0.708,U,5,7,2004
692,CAN_shoreside,0.58,U,5,7,2004
693,CAN_shoreside,0.833,U,8,7,2004
694,CAN_shoreside,0.629,U,5,7,2004
695,CAN_shoreside,0.693,U,7,7,2004
696,CAN_shoreside,0.501,U,5,7,2004
697,CAN_shoreside,0.603,U,8,7,2004
698,CAN_shoreside,0.62,U,6,7,2004
699,CAN_shoreside,0.544,U,12,7,2004
700,CAN_shoreside,0.701,U,6,7,2004
701,CAN_shoreside,0.562,U,5,7,2004
702,CAN_shoreside,0.716,U,5,7,2004
703,CAN_shoreside,0.564,U,5,7,2004
704,CAN_shoreside,0.725,U,7,7,2004
705,CAN_shoreside,0.634,U,5,7,2004
706,CAN_shoreside,0.566,U,5,7,2004
707,CAN_shoreside,0.567,U,5,7,2004
708,CAN_shoreside,0.648,U,5,7,2004
709,CAN_shoreside,0.793,U,15,7,2004
710,CAN_shoreside,0.663,U,5,8,2004
711,CAN_shoreside,0.635,U,5,8,2004
712,CAN_shoreside,0.947,U,11,8,2004
713,CAN_shoreside,0.917,U,9,8,2004
714,CAN_shoreside,0.682,U,5,8,2004
715,CAN_shoreside,0.784,U,5,8,2004
716,CAN_shoreside,0.528,U,4,8,2004
717,CAN_shoreside,0.568,U,5,8,2004
718,CAN_shoreside,0.751,U,6,8,2004
719,CAN_shoreside,0.752,U,6,8,2004
720,CAN_shoreside,0.848,U,11,8,2004
721,CAN_shoreside,0.695,U,5,8,2004
722,CAN_shoreside,0.784,U,5,8,2004
723,CAN_shoreside,0.747,U,11,8,2004
724,CAN_shoreside,0.855,U,5,8,2004
725,CAN_shoreside,0.627,U,5,8,2004
726,CAN_shoreside,0.696,U,6,8,2004
727,CAN_shoreside,0.526,U,5,8,2004
728,CAN_shoreside,0.773,U,11,8,2004
729,CAN_shoreside,0.546,U,5,8,2004
730,CAN_shoreside,0.581,U,5,8,2004
731,CAN_shoreside,0.582,U,5,8,2004
732,CAN_shoreside,0.596,U,5,8,2004
733,CAN_shoreside,0.591,U,6,8,2004
734,CAN_shoreside,0.954,U,7,8,2004
735,CAN_shoreside,0.812,U,5,8,2004
736,CAN_shoreside,0.566,U,8,8,2004
737,CAN_shoreside,0.74,U,14,8,2004
738,CAN_shoreside,0.678,U,5,8,2004
739,CAN_shoreside,0.919,U,8,8,2004
740,CAN_shoreside,0.597,U,6,8,2004
741,CAN_shoreside,0.899,U,5,8,2004
742,CAN_shoreside,1.232,U,5,8,2004
743,CAN_shoreside,0.759,U,5,8,2004
744,CAN_shoreside,0.718,U,5,8,2004
745,CAN_shoreside,0.869,U,5,8,2004
746,CAN_shoreside,0.903,U,8,8,2004
747,CAN_shoreside,1.299,U,11,8,2004
748,CAN_shoreside,1.036,U,5,8,2004
749,CAN_shoreside,0.618,U,5,8,2004
750,CAN_shoreside,0.752,U,7,8,2004
751,CAN_shoreside,1.363,U,6,8,2004
752,CAN_shoreside,1.117,U,6,8,2004
753,CAN_shoreside,0.928,U,11,8,2004
754,CAN_shoreside,0.729,U,5,8,2004
755,CAN_shoreside,0.87,U,6,8,2004
756,CAN_shoreside,0.624,U,5,8,2004
757,CAN_shoreside,0.684,U,11,8,2004
758,CAN_shoreside,1.042,U,5,8,2004
759,CAN_shoreside,0.793,U,7,8,2004
760,CAN_shoreside,0.809,U,10,8,2004
761,CAN_shoreside,0.779,U,11,8,2004
762,CAN_shoreside,0.648,U,5,8,2004
763,CAN_shoreside,0.723,U,5,8,2004
764,CAN_shoreside,0.644,U,5,8,2004
765,CAN_shoreside,0.697,U,6,8,2004
766,CAN_shoreside,0.754,U,5,8,2004
767,CAN_shoreside,0.678,U,7,8,2004
768,CAN_shoreside,0.687,U,5,8,2004
769,CAN_shoreside,1.161,U,7,8,2004
770,CAN_shoreside,0.656,U,9,8,2004
771,CAN_shoreside,0.692,U,5,8,2004
772,CAN_shoreside,0.882,U,6,8,2004
773,CAN_shoreside,0.953,U,9,8,2004
774,CAN_shoreside,0.98,U,14,8,2004
775,CAN_shoreside,0.797,U,8,8,2004
776,CAN_shoreside,0.753,U,5,8,2004
777,CAN_shoreside,0.721,U,5,8,2004
778,CAN_shoreside,0.539,U,5,8,2004
779,CAN_shoreside,1.027,U,7,8,2004
780,CAN_shoreside,0.624,U,6,8,2004
781,CAN_shoreside,0.535,U,5,8,2004
782,CAN_shoreside,0.656,U,10,8,2004
783,CAN_shoreside,0.616,U,9,8,2004
784,CAN_shoreside,0.705,U,5,8,2004
785,CAN_shoreside,0.942,U,5,8,2004
786,CAN_shoreside,0.638,U,6,8,2004
787,CAN_shoreside,0.68,U,9,8,2004
788,CAN_shoreside,0.677,U,13,8,2004
789,CAN_shoreside,1.273,U,6,8,2004
790,CAN_shoreside,0.76,U,6,8,2004
791,CAN_shoreside,0.754,U,6,8,2004
792,CAN_shoreside,0.721,U,5,8,2004
793,CAN_shoreside,0.697,U,5,8,2004
794,CAN_shoreside,0.819,U,12,8,2004
795,CAN_shoreside,0.874,U,6,8,2004
796,CAN_shoreside,0.7,U,5,8,2004
797,CAN_shoreside,1.195,U,8,8,2004
798,CAN_shoreside,0.747,U,5,8,2004
799,CAN_shoreside,0.674,U,5,8,2004
800,CAN_shoreside,0.582,U,9,8,2004
801,CAN_shoreside,0.592,U,9,8,2004
802,CAN_shoreside,0.641,U,5,8,2004
803,CAN_shoreside,0.622,U,5,8,2004
804,CAN_shoreside,0.738,U,8,8,2004
805,CAN_shoreside,0.742,U,6,8,2004
806,CAN_shoreside,0.904,U,6,8,2004
807,CAN_shoreside,0.625,U,6,8,2004
808,CAN_shoreside,0.991,U,11,8,2004
809,CAN_shoreside,0.64,U,8,8,2004
810,CAN_shoreside,0.845,U,8,8,2004
811,CAN_shoreside,0.654,U,6,8,2004
812,CAN_shoreside,0.768,U,5,9,2004
813,CAN_shoreside,0.825,U,6,9,2004
814,CAN_shoreside,0.558,U,5,9,2004
815,CAN_shoreside,0.959,U,9,9,2004
816,CAN_shoreside,0.704,U,8,9,2004
817,CAN_shoreside,0.566,U,5,9,2004
818,CAN_shoreside,0.867,U,5,9,2004
819,CAN_shoreside,0.66,U,8,9,2004
820,CAN_shoreside,0.521,U,7,9,2004
821,CAN_shoreside,0.667,U,6,9,2004
822,CAN_shoreside,0.664,U,5,9,2004
823,CAN_shoreside,0.92,U,8,9,2004
824,CAN_shoreside,0.864,U,5,9,2004
825,CAN_shoreside,0.59,U,9,9,2004
826,CAN_shoreside,0.69,U,5,9,2004
827,CAN_shoreside,1,U,12,9,2004
828,CAN_shoreside,0.449,U,6,9,2004
829,CAN_shoreside,0.912,U,7,9,2004
830,CAN_shoreside,0.661,U,4,9,2004
831,CAN_shoreside,0.733,U,6,9,2004
832,CAN_shoreside,1.347,U,12,9,2004
833,CAN_shoreside,0.788,U,11,9,2004
834,CAN_shoreside,0.575,U,5,9,2004
835,CAN_shoreside,0.613,U,5,9,2004
836,CAN_shoreside,0.959,U,5,9,2004
837,CAN_shoreside,0.687,U,9,9,2004
838,CAN_shoreside,0.52,U,5,9,2004
839,CAN_shoreside,0.688,U,9,9,2004
840,CAN_shoreside,1.063,U,9,9,2004
841,CAN_shoreside,0.544,U,5,9,2004
842,CAN_shoreside,0.58,U,5,9,2004
843,CAN_shoreside,0.719,U,5,9,2004
844,CAN_shoreside,0.715,U,4,9,2004
845,CAN_shoreside,0.781,U,5,9,2004
846,CAN_shoreside,0.869,U,8,9,2004
847,CAN_shoreside,0.567,U,5,9,2004
848,CAN_shoreside,0.87,U,8,9,2004
849,CAN_shoreside,1.025,U,6,9,2004
850,CAN_shoreside,0.811,U,5,9,2004
851,CAN_shoreside,0.528,U,5,9,2004
852,CAN_shoreside,0.729,U,5,9,2004
853,CAN_shoreside,0.594,U,8,9,2004
854,CAN_shoreside,0.673,U,6,9,2004
855,CAN_shoreside,0.728,U,6,9,2004
856,CAN_shoreside,0.761,U,5,9,2004
857,CAN_shoreside,0.737,U,6,9,2004
858,CAN_shoreside,0.782,U,7,9,2004
859,CAN_shoreside,0.735,U,5,9,2004
860,CAN_shoreside,0.772,U,10,9,2004
861,CAN_shoreside,0.684,U,7,9,2004
862,CAN_shoreside,0.703,U,5,9,2004
863,CAN_shoreside,0.813,U,5,9,2004
864,CAN_shoreside,0.836,U,6,9,2004
865,CAN_shoreside,0.735,U,9,9,2004
866,CAN_shoreside,0.668,U,6,9,2004
867,CAN_shoreside,0.749,U,6,9,2004
868,CAN_shoreside,0.854,U,8,9,2004
869,CAN_shoreside,0.767,U,10,9,2004
870,CAN_shoreside,0.708,U,6,9,2004
871,CAN_shoreside,0.611,U,10,9,2004
872,CAN_shoreside,0.676,U,6,9,2004
873,CAN_shoreside,0.874,U,6,9,2004
874,CAN_shoreside,0.81,U,6,9,2004
875,CAN_shoreside,0.683,U,5,9,2004
876,CAN_shoreside,0.698,U,6,9,2004
877,CAN_shoreside,0.611,U,5,9,2004
878,CAN_shoreside,0.674,U,7,9,2004
879,CAN_shoreside,0.66,U,5,9,2004
880,CAN_shoreside,0.82,U,9,9,2004
881,CAN_shoreside,0.807,U,6,9,2004
882,CAN_shoreside,0.622,U,5,9,2004
883,CAN_shoreside,0.681,U,5,9,2004
884,CAN_shoreside,0.66,U,5,9,2004
885,CAN_shoreside,0.511,U,5,9,2004
886,CAN_shoreside,1.151,U,10,9,2004
887,CAN_shoreside,0.522,U,3,9,2004
888,CAN_shoreside,0.728,U,5,9,2004
889,CAN_shoreside,0.703,U,6,9,2004
890,CAN_shoreside,0.663,U,8,9,2004
891,CAN_shoreside,0.637,U,8,9,2004
892,CAN_shoreside,0.699,U,5,9,2004
893,CAN_shoreside,0.895,U,9,9,2004
894,CAN_shoreside,0.9,U,5,9,2004
895,CAN_shoreside,0.771,U,5,9,2004
896,CAN_shoreside,0.724,U,6,9,2004
897,CAN_shoreside,0.642,U,6,9,2004
898,CAN_shoreside,0.633,U,5,9,2004
899,CAN_shoreside,0.556,U,11,9,2004
900,CAN_shoreside,0.688,U,8,9,2004
901,CAN_shoreside,0.643,U,6,9,2004
902,CAN_shoreside,0.698,U,10,9,2004
903,CAN_shoreside,0.757,U,9,9,2004
904,CAN_shoreside,0.627,U,5,9,2004
905,CAN_shoreside,0.744,U,6,9,2004
906,CAN_shoreside,0.914,U,9,9,2004
907,CAN_shoreside,0.637,U,9,9,2004
908,CAN_shoreside,0.665,U,11,9,2004
909,CAN_shoreside,0.6,U,5,9,2004
910,CAN_shoreside,0.205,U,2,9,2004
911,CAN_shoreside,0.764,U,10,9,2004
912,CAN_shoreside,0.559,U,5,9,2004
913,CAN_shoreside,0.602,U,6,9,2004
914,CAN_shoreside,1.163,U,6,9,2004
915,CAN_shoreside,0.621,U,5,9,2004
916,CAN_shoreside,0.934,U,13,9,2004
917,CAN_shoreside,0.606,U,8,9,2004
918,CAN_shoreside,0.6,U,5,9,2004
919,CAN_shoreside,0.236,U,5,9,2004
920,CAN_shoreside,1.219,U,6,9,2004
921,CAN_shoreside,0.637,U,5,9,2004
922,CAN_shoreside,0.737,U,6,9,2004
923,CAN_shoreside,0.648,U,9,9,2004
924,CAN_shoreside,0.703,U,5,9,2004
925,CAN_shoreside,0.632,U,14,9,2004
926,CAN_shoreside,0.828,U,21,9,2004
927,CAN_shoreside,0.67,U,6,9,2004
928,CAN_shoreside,0.672,U,5,9,2004
929,CAN_shoreside,0.549,U,5,9,2004
930,CAN_shoreside,0.766,U,5,9,2004
931,CAN_shoreside,0.641,U,5,9,2004
932,CAN_shoreside,0.803,U,11,9,2004
933,CAN_shoreside,0.756,U,5,9,2004
934,CAN_shoreside,0.616,U,5,9,2004
935,CAN_shoreside,0.524,U,5,9,2004
936,CAN_shoreside,0.619,U,4,9,2004
937,CAN_shoreside,0.797,U,11,9,2004
938,CAN_shoreside,0.577,U,5,9,2004
939,CAN_shoreside,0.642,U,5,9,2004
940,CAN_shoreside,0.728,U,5,9,2004
941,CAN_shoreside,0.597,U,10,9,2004
942,CAN_shoreside,0.626,U,6,9,2004
943,CAN_shoreside,0.639,U,4,9,2004
944,CAN_shoreside,0.91,U,6,9,2004
945,CAN_shoreside,0.789,U,12,8,2005
946,CAN_shoreside,0.663,U,7,8,2005
947,CAN_shoreside,0.797,U,7,8,2005
948,CAN_shoreside,0.657,U,7,8,2005
949,CAN_shoreside,0.564,U,6,8,2005
950,CAN_shoreside,0.859,U,6,8,2005
951,CAN_shoreside,1.035,U,7,8,2005
952,CAN_shoreside,0.86,U,11,8,2005
953,CAN_shoreside,0.66,U,7,8,2005
954,CAN_shoreside,0.548,U,6,8,2005
955,CAN_shoreside,0.863,U,6,8,2005
956,CAN_shoreside,0.599,U,6,8,2005
957,CAN_shoreside,0.675,U,6,8,2005
958,CAN_shoreside,0.702,U,6,8,2005
959,CAN_shoreside,0.755,U,9,8,2005
960,CAN_shoreside,0.688,U,6,8,2005
961,CAN_shoreside,0.69,U,6,8,2005
962,CAN_shoreside,0.727,U,6,8,2005
963,CAN_shoreside,0.683,U,9,8,2005
964,CAN_shoreside,0.852,U,9,8,2005
965,CAN_shoreside,0.722,U,8,8,2005
966,CAN_shoreside,0.89,U,11,8,2005
967,CAN_shoreside,0.55,U,6,8,2005
968,CAN_shoreside,0.715,U,6,8,2005
969,CAN_shoreside,0.876,U,6,8,2005
970,CAN_shoreside,0.768,U,12,8,2005
971,CAN_shoreside,0.764,U,10,8,2005
972,CAN_shoreside,0.806,U,6,8,2005
973,CAN_shoreside,0.61,U,6,8,2005
974,CAN_shoreside,0.635,U,6,8,2005
975,CAN_shoreside,0.915,U,6,8,2005
976,CAN_shoreside,0.677,U,6,8,2005
977,CAN_shoreside,0.686,U,6,8,2005
978,CAN_shoreside,0.603,U,6,8,2005
979,CAN_shoreside,0.733,U,9,8,2005
980,CAN_shoreside,0.671,U,6,8,2005
981,CAN_shoreside,0.603,U,6,8,2005
982,CAN_shoreside,0.562,U,6,8,2005
983,CAN_shoreside,1.119,U,11,8,2005
984,CAN_shoreside,0.717,U,9,8,2005
985,CAN_shoreside,0.577,U,6,8,2005
986,CAN_shoreside,0.709,U,8,8,2005
987,CAN_shoreside,0.986,U,8,8,2005
988,CAN_shoreside,0.836,U,6,8,2005
989,CAN_shoreside,0.697,U,6,8,2005
990,CAN_shoreside,0.847,U,6,8,2005
991,CAN_shoreside,0.308,U,7,8,2005
992,CAN_shoreside,0.588,U,6,8,2005
993,CAN_shoreside,0.676,U,6,8,2005
994,CAN_shoreside,0.613,U,7,8,2005
995,CAN_shoreside,0.677,U,6,8,2005
996,CAN_shoreside,0.704,U,7,8,2005
997,CAN_shoreside,0.916,U,6,8,2005
998,CAN_shoreside,0.698,U,10,8,2005
999,CAN_shoreside,0.55,U,6,8,2005
1000,CAN_shoreside,0.888,U,6,8,2005
1001,CAN_shoreside,0.707,U,6,8,2005
1002,CAN_shoreside,1.008,U,13,8,2005
1003,CAN_shoreside,0.951,U,9,8,2005
1004,CAN_shoreside,0.602,U,6,8,2005
1005,CAN_shoreside,0.873,U,11,8,2005
1006,CAN_shoreside,0.86,U,6,8,2005
1007,CAN_shoreside,0.693,U,10,8,2005
1008,CAN_shoreside,0.546,U,7,8,2005
1009,CAN_shoreside,0.579,U,6,8,2005
1010,CAN_shoreside,0.785,U,6,8,2005
1011,CAN_shoreside,0.79,U,6,8,2005
1012,CAN_shoreside,0.685,U,6,8,2005
1013,CAN_shoreside,1.185,U,8,8,2005
1014,CAN_shoreside,0.745,U,6,8,2005
1015,CAN_shoreside,0.61,U,6,8,2005
1016,CAN_shoreside,0.695,U,6,8,2005
1017,CAN_shoreside,0.723,U,7,8,2005
1018,CAN_shoreside,0.735,U,6,8,2005
1019,CAN_shoreside,0.692,U,9,8,2005
1020,CAN_shoreside,0.743,U,6,8,2005
1021,CAN_shoreside,0.679,U,9,8,2005
1022,CAN_shoreside,0.523,U,6,8,2005
1023,CAN_shoreside,0.77,U,9,8,2005
1024,CAN_shoreside,0.574,U,6,8,2005
1025,CAN_shoreside,0.795,U,6,8,2005
1026,CAN_shoreside,0.782,U,12,8,2005
1027,CAN_shoreside,0.622,U,6,8,2005
1028,CAN_shoreside,0.771,U,6,8,2005
1029,CAN_shoreside,0.548,U,6,8,2005
1030,CAN_shoreside,0.671,U,8,8,2005
1031,CAN_shoreside,0.757,U,6,8,2005
1032,CAN_shoreside,0.574,U,6,8,2005
1033,CAN_shoreside,0.767,U,11,8,2005
1034,CAN_shoreside,0.867,U,10,8,2005
1035,CAN_shoreside,0.703,U,6,8,2005
1036,CAN_shoreside,0.598,U,6,8,2005
1037,CAN_shoreside,0.757,U,6,8,2005
1038,CAN_shoreside,0.545,U,6,8,2005
1039,CAN_shoreside,0.681,U,7,8,2005
1040,CAN_shoreside,1.062,U,10,8,2005
1041,CAN_shoreside,0.883,U,9,8,2005
1042,CAN_shoreside,0.594,U,9,8,2005
1043,CAN_shoreside,0.667,U,6,8,2005
1044,CAN_shoreside,0.791,U,10,8,2005
1045,CAN_shoreside,0.714,U,7,8,2005
1046,CAN_shoreside,0.605,U,6,8,2005
1047,CAN_shoreside,0.504,U,4,8,2005
1048,CAN_shoreside,0.607,U,7,8,2005
1049,CAN_shoreside,0.794,U,6,8,2005
1050,CAN_shoreside,0.65,U,11,8,2005
1051,CAN_shoreside,0.63,U,6,8,2005
1052,CAN_shoreside,0.722,U,6,8,2005
1053,CAN_shoreside,0.772,U,6,8,2005
1054,CAN_shoreside,0.736,U,10,8,2005
1055,CAN_shoreside,0.627,U,6,8,2005
1056,CAN_shoreside,0.639,U,6,8,2005
1057,CAN_shoreside,0.826,U,6,8,2005
1058,CAN_shoreside,0.626,U,6,8,2005
1059,CAN_shoreside,0.748,U,6,8,2005
1060,CAN_shoreside,0.892,U,9,8,2005
1061,CAN_shoreside,0.538,U,7,8,2005
1062,CAN_shoreside,0.804,U,9,8,2005
1063,CAN_shoreside,0.874,U,7,8,2005
1064,CAN_shoreside,0.662,U,6,8,2005
1065,CAN_shoreside,0.721,U,6,8,2005
1066,CAN_shoreside,0.614,U,6,8,2005
1067,CAN_shoreside,0.745,U,11,8,2005
1068,CAN_shoreside,0.677,U,6,8,2005
1069,CAN_shoreside,0.52,U,6,8,2005
1070,CAN_shoreside,0.859,U,7,8,2005
1071,CAN_shoreside,0.671,U,6,8,2005
1072,CAN_shoreside,0.593,U,6,8,2005
1073,CAN_shoreside,0.609,U,6,8,2005
1074,CAN_shoreside,0.71,U,6,8,2005
1075,CAN_shoreside,0.984,U,9,8,2005
1076,CAN_shoreside,0.825,U,6,8,2005
1077,CAN_shoreside,0.608,U,6,8,2005
1078,CAN_shoreside,0.923,U,9,8,2005
1079,CAN_shoreside,0.592,U,6,8,2005
1080,CAN_shoreside,0.846,U,6,8,2005
1081,CAN_shoreside,0.703,U,6,8,2005
1082,CAN_shoreside,0.49,U,6,8,2005
1083,CAN_shoreside,0.691,U,6,8,2005
1084,CAN_shoreside,0.591,U,5,8,2005
1085,CAN_shoreside,0.583,U,6,8,2005
1086,CAN_shoreside,0.796,U,4,8,2005
1087,CAN_shoreside,0.772,U,6,8,2005
1088,CAN_shoreside,0.592,U,6,8,2005
1089,CAN_shoreside,0.708,U,6,8,2005
1090,CAN_shoreside,0.623,U,6,8,2005
1091,CAN_shoreside,0.562,U,6,8,2005
1092,CAN_shoreside,0.563,U,6,8,2005
1093,CAN_shoreside,0.608,U,9,8,2005
1094,CAN_shoreside,0.658,U,6,8,2005
1095,CAN_shoreside,0.502,U,6,8,2005
1096,CAN_shoreside,0.593,U,6,8,2005
1097,CAN_shoreside,0.6,U,6,8,2005
1098,CAN_shoreside,0.565,U,8,8,2005
1099,CAN_shoreside,0.615,U,6,8,2005
1100,CAN_shoreside,0.642,U,7,8,2005
1101,CAN_shoreside,0.714,U,11,8,2005
1102,CAN_shoreside,0.673,U,6,8,2005
1103,CAN_shoreside,1.019,U,6,9,2005
1104,CAN_shoreside,0.805,U,5,9,2005
1105,CAN_shoreside,0.841,U,6,9,2005
1106,CAN_shoreside,0.695,U,6,9,2005
1107,CAN_shoreside,0.745,U,6,9,2005
1108,CAN_shoreside,0.893,U,6,9,2005
1109,CAN_shoreside,0.708,U,6,9,2005
1110,CAN_shoreside,0.743,U,6,9,2005
1111,CAN_shoreside,0.787,U,11,9,2005
1112,CAN_shoreside,0.67,U,11,9,2005
1113,CAN_shoreside,0.652,U,4,9,2005
1114,CAN_shoreside,0.703,U,6,9,2005
1115,CAN_shoreside,0.716,U,7,9,2005
1116,CAN_shoreside,0.728,U,5,9,2005
1117,CAN_shoreside,0.654,U,6,9,2005
1118,CAN_shoreside,0.893,U,6,9,2005
1119,CAN_shoreside,0.761,U,6,9,2005
1120,CAN_shoreside,0.621,U,10,9,2005
1121,CAN_shoreside,0.585,U,6,9,2005
1122,CAN_shoreside,0.758,U,6,9,2005
1123,CAN_shoreside,0.375,U,6,9,2005
1124,CAN_shoreside,0.837,U,6,9,2005
1125,CAN_shoreside,0.779,U,7,9,2005
1126,CAN_shoreside,0.722,U,6,9,2005
1127,CAN_shoreside,0.51,U,4,9,2005
1128,CAN_shoreside,0.647,U,6,9,2005
1129,CAN_shoreside,0.652,U,3,9,2005
1130,CAN_shoreside,0.647,U,6,9,2005
1131,CAN_shoreside,0.576,U,6,9,2005
1132,CAN_shoreside,0.777,U,7,9,2005
1133,CAN_shoreside,0.625,U,6,9,2005
1134,CAN_shoreside,0.794,U,6,9,2005
1135,CAN_shoreside,0.571,U,6,9,2005
1136,CAN_shoreside,0.811,U,10,9,2005
1137,CAN_shoreside,0.749,U,5,9,2005
1138,CAN_shoreside,0.562,U,6,9,2005
1139,CAN_shoreside,0.363,U,7,9,2005
1140,CAN_shoreside,0.934,U,7,9,2005
1141,CAN_shoreside,0.549,U,6,9,2005
1142,CAN_shoreside,0.79,U,6,9,2005
1143,CAN_shoreside,0.663,U,6,9,2005
1144,CAN_shoreside,0.621,U,6,9,2005
1145,CAN_shoreside,1.079,U,7,9,2005
1146,CAN_shoreside,1.294,U,10,9,2005
1147,CAN_shoreside,0.794,U,6,9,2005
1148,CAN_shoreside,0.711,U,6,9,2005
1149,CAN_shoreside,0.62,U,6,9,2005
1150,CAN_shoreside,0.479,U,6,9,2005
1151,CAN_shoreside,0.895,U,6,9,2005
1152,CAN_shoreside,0.723,U,7,9,2005
1153,CAN_shoreside,0.656,U,6,9,2005
1154,CAN_shoreside,0.741,U,6,9,2005
1155,CAN_shoreside,0.652,U,6,9,2005
1156,CAN_shoreside,0.453,U,6,9,2005
1157,CAN_shoreside,0.651,U,6,9,2005
1158,CAN_shoreside,1.227,U,7,9,2005
1159,CAN_shoreside,0.657,U,7,9,2005
1160,CAN_shoreside,0.569,U,6,9,2005
1161,CAN_shoreside,0.541,U,6,9,2005
1162,CAN_shoreside,0.67,U,10,9,2005
1163,CAN_shoreside,0.788,U,6,9,2005
1164,CAN_shoreside,0.737,U,6,9,2005
1165,CAN_shoreside,0.778,U,6,9,2005
1166,CAN_shoreside,0.645,U,6,9,2005
1167,CAN_shoreside,0.57,U,6,9,2005
1168,CAN_shoreside,0.834,U,6,9,2005
1169,CAN_shoreside,0.826,U,6,9,2005
1170,CAN_shoreside,0.646,U,7,9,2005
1171,CAN_shoreside,0.507,U,6,9,2005
1172,CAN_shoreside,0.652,U,6,9,2005
1173,CAN_shoreside,0.649,U,10,9,2005
1174,CAN_shoreside,0.593,U,6,9,2005
1175,CAN_shoreside,0.499,U,4,9,2005
1176,CAN_shoreside,0.498,U,6,9,2005
1177,CAN_shoreside,0.732,U,6,9,2005
1178,CAN_shoreside,0.967,U,6,9,2005
1179,CAN_shoreside,0.791,U,6,9,2005
1180,CAN_shoreside,0.823,U,6,9,2005
1181,CAN_shoreside,0.781,U,9,9,2005
1182,CAN_shoreside,0.679,U,6,9,2005
1183,CAN_shoreside,0.603,U,6,9,2005
1184,CAN_shoreside,0.807,U,5,9,2005
1185,CAN_shoreside,0.498,U,6,9,2005
1186,CAN_shoreside,0.6,U,6,9,2005
1187,CAN_shoreside,0.588,U,6,9,2005
1188,CAN_shoreside,0.574,U,6,9,2005
1189,CAN_shoreside,1.064,U,6,9,2005
1190,CAN_shoreside,0.822,U,6,9,2005
1191,CAN_shoreside,0.969,U,6,9,2005
1192,CAN_shoreside,0.836,U,9,9,2005
1193,CAN_shoreside,0.714,U,6,9,2005
1194,CAN_shoreside,0.84,U,7,9,2005
1195,CAN_shoreside,0.808,U,11,9,2005
1196,CAN_shoreside,0.564,U,6,9,2005
1197,CAN_shoreside,0.618,U,4,9,2005
1198,CAN_shoreside,0.626,U,10,9,2005
1199,CAN_shoreside,0.647,U,6,9,2005
1200,CAN_shoreside,0.642,U,6,9,2005
1201,CAN_shoreside,0.629,U,7,9,2005
1202,CAN_shoreside,0.711,U,9,9,2005
1203,CAN_shoreside,0.791,U,7,9,2005
1204,CAN_shoreside,0.691,U,6,9,2005
1205,CAN_shoreside,0.756,U,6,9,2005
1206,CAN_shoreside,0.793,U,6,9,2005
1207,CAN_shoreside,0.731,U,5,9,2005
1208,CAN_shoreside,0.836,U,9,9,2005
1209,CAN_shoreside,0.641,U,6,9,2005
1210,CAN_shoreside,0.75,U,6,9,2005
1211,CAN_shoreside,0.763,U,6,9,2005
1212,CAN_shoreside,0.625,U,6,9,2005
1213,CAN_shoreside,0.831,U,6,9,2005
1214,CAN_shoreside,0.91,U,9,9,2005
1215,CAN_shoreside,0.84,U,6,9,2005
1216,CAN_shoreside,0.633,U,6,9,2005
1217,CAN_shoreside,1.112,U,7,9,2005
1218,CAN_shoreside,0.508,U,6,9,2005
1219,CAN_shoreside,0.707,U,6,9,2005
1220,CAN_shoreside,0.635,U,7,9,2005
1221,CAN_shoreside,0.609,U,6,9,2005
1222,CAN_shoreside,0.798,U,6,9,2005
1223,CAN_shoreside,0.821,U,6,9,2005
1224,CAN_shoreside,0.481,U,6,9,2005
1225,CAN_shoreside,0.76,U,6,9,2005
1226,CAN_shoreside,0.921,U,6,9,2005
1227,CAN_shoreside,0.572,U,6,9,2005
1228,CAN_shoreside,0.662,U,5,9,2005
1229,CAN_shoreside,0.686,U,6,9,2005
1230,CAN_shoreside,0.595,U,6,9,2005
1231,CAN_shoreside,0.469,U,6,9,2005
1232,CAN_shoreside,0.843,U,10,9,2005
1233,CAN_shoreside,0.634,U,6,9,2005
1234,CAN_shoreside,0.57,U,6,9,2005
1235,CAN_shoreside,0.68,U,6,9,2005
1236,CAN_shoreside,0.762,U,11,9,2005
1237,CAN_shoreside,0.716,U,6,9,2005
1238,CAN_shoreside,0.683,U,6,9,2005
1239,CAN_shoreside,0.668,U,6,9,2005
1240,CAN_shoreside,0.539,U,6,9,2005
1241,CAN_shoreside,0.772,U,6,9,2005
1242,CAN_shoreside,0.567,U,6,9,2005
1243,CAN_shoreside,0.74,U,9,9,2005
1244,CAN_shoreside,0.641,U,12,9,2005
1245,CAN_shoreside,0.533,U,6,9,2005
1246,CAN_shoreside,0.662,U,6,9,2005
1247,CAN_shoreside,0.567,U,6,9,2005
1248,CAN_shoreside,1.151,U,12,9,2005
1249,CAN_shoreside,0.57,U,4,9,2005
1250,CAN_shoreside,0.52,U,6,9,2005
1251,CAN_shoreside,0.671,U,6,9,2005
1252,CAN_shoreside,0.778,U,6,9,2005
1253,CAN_shoreside,0.796,U,7,9,2005
1254,CAN_shoreside,0.693,U,6,9,2005
1255,CAN_shoreside,0.592,U,6,9,2005
1256,CAN_shoreside,0.804,U,6,9,2005
1257,CAN_shoreside,0.819,U,11,9,2005
1258,CAN_shoreside,0.715,U,7,9,2005
1259,CAN_shoreside,0.547,U,6,9,2005
1260,CAN_shoreside,0.646,U,6,9,2005
1261,CAN_shoreside,0.724,U,6,9,2005
1262,CAN_shoreside,0.718,U,9,9,2005
1263,CAN_shoreside,0.635,U,6,9,2005
1264,CAN_shoreside,0.795,U,6,9,2005
1265,CAN_shoreside,0.865,U,6,9,2005
1266,CAN_shoreside,0.884,U,7,9,2005
1267,CAN_shoreside,0.893,U,6,9,2005
1268,CAN_shoreside,1.566,U,9,9,2005
1269,CAN_shoreside,0.685,U,7,9,2005
1270,CAN_shoreside,0.702,U,11,9,2005
1271,CAN_shoreside,0.649,U,6,9,2005
1272,CAN_shoreside,1.039,U,6,9,2005
1273,CAN_shoreside,0.578,U,6,9,2005
1274,CAN_shoreside,0.6,U,6,9,2005
1275,CAN_shoreside,0.538,U,6,9,2005
1276,CAN_shoreside,0.507,U,6,9,2005
1277,CAN_shoreside,0.55,U,6,9,2005
1278,CAN_shoreside,0.642,U,7,9,2005
1279,CAN_shoreside,0.649,U,9,9,2005
1280,CAN_shoreside,0.516,U,6,9,2005
1281,CAN_shoreside,0.588,U,4,9,2005
1282,CAN_shoreside,0.764,U,6,9,2005
1283,CAN_shoreside,1.057,U,15,9,2005
1284,CAN_shoreside,1.009,U,7,9,2005
1285,CAN_shoreside,1.088,U,6,9,2005
1286,CAN_shoreside,0.661,U,6,9,2005
1287,CAN_shoreside,0.863,U,6,9,2005
1288,CAN_shoreside,0.767,U,6,9,2005
1289,CAN_shoreside,0.44,U,6,9,2005
1290,CAN_shoreside,0.692,U,6,9,2005
1291,CAN_shoreside,0.665,U,6,9,2005
1292,CAN_shoreside,0.748,U,6,9,2005
1293,CAN_shoreside,0.625,U,7,9,2005
1294,CAN_shoreside,0.562,U,6,9,2005
1295,CAN_shoreside,0.865,U,6,9,2005
1296,CAN_shoreside,0.393,U,3,3,2009
1297,CAN_shoreside,0.291,U,3,3,2009
1298,CAN_shoreside,0.23,U,3,3,2009
1299,CAN_shoreside,0.272,U,3,3,2009
1300,CAN_shoreside,0.243,U,3,3,2009
1301,CAN_shoreside,0.226,U,3,3,2009
1302,CAN_shoreside,0.221,U,3,3,2009
1303,CAN_shoreside,0.277,U,3,3,2009
1304,CAN_shoreside,0.258,U,3,3,2009
1305,CAN_shoreside,0.167,U,2,3,2009
1306,CAN_shoreside,0.225,U,3,3,2009
1307,CAN_shoreside,0.204,U,2,3,2009
1308,CAN_shoreside,0.276,U,3,3,2009
1309,CAN_shoreside,0.3,U,3,3,2009
1310,CAN_shoreside,0.176,U,3,3,2009
1311,CAN_shoreside,0.254,U,2,3,2009
1312,CAN_shoreside,0.282,U,3,3,2009
1313,CAN_shoreside,0.366,U,3,3,2009
1314,CAN_shoreside,0.173,U,3,3,2009
1315,CAN_shoreside,0.252,U,3,3,2009
1316,CAN_shoreside,0.247,U,3,3,2009
1317,CAN_shoreside,0.182,U,3,3,2009
1318,CAN_shoreside,0.199,U,3,3,2009
1319,CAN_shoreside,0.188,U,3,3,2009
1320,CAN_shoreside,0.195,U,2,3,2009
1321,CAN_shoreside,0.18,U,2,3,2009
1322,CAN_shoreside,0.246,U,4,3,2009
1323,CAN_shoreside,0.158,U,3,3,2009
1324,CAN_shoreside,0.222,U,3,3,2009
1325,CAN_shoreside,0.201,U,2,3,2009
1326,CAN_shoreside,0.333,U,3,3,2009
1327,CAN_shoreside,0.24,U,3,3,2009
1328,CAN_shoreside,0.211,U,3,3,2009
1329,CAN_shoreside,0.249,U,3,3,2009
1330,CAN_shoreside,0.231,U,3,3,2009
1331,CAN_shoreside,1.752,U,7,3,2009
1332,CAN_shoreside,0.28,U,3,3,2009
1333,CAN_shoreside,0.157,U,2,3,2009
1334,CAN_shoreside,0.324,U,3,3,2009
1335,CAN_shoreside,0.155,U,2,3,2009
1336,CAN_shoreside,0.405,U,3,8,2011
1337,CAN_shoreside,0.478,U,3,8,2011
1338,CAN_shoreside,0.528,U,3,8,2011
1339,CAN_shoreside,0.688,U,8,8,2011
1340,CAN_shoreside,0.479,U,3,8,2011
1341,CAN_shoreside,1.105,U,12,8,2011
1342,CAN_shoreside,0.435,U,3,8,2011
1343,CAN_shoreside,0.476,U,3,8,2011
1344,CAN_shoreside,0.433,U,3,8,2011
1345,CAN_shoreside,0.537,U,3,8,2011
1346,CAN_shoreside,0.423,U,3,8,2011
1347,CAN_shoreside,0.423,U,3,8,2011
1348,CAN_shoreside,0.475,U,3,8,2011
1349,CAN_shoreside,0.383,U,3,8,2011
1350,CAN_shoreside,0.544,U,4,8,2011
1351,CAN_shoreside,0.512,U,6,8,2011
1352,CAN_shoreside,0.449,U,3,8,2011
1353,CAN_shoreside,0.476,U,3,8,2011
1354,CAN_shoreside,0.477,U,3,8,2011
1355,CAN_shoreside,0.933,U,10,8,2011
1356,CAN_shoreside,0.491,U,3,8,2011
1357,CAN_shoreside,0.47,U,3,8,2011
1358,CAN_shoreside,0.393,U,3,8,2011
1359,CAN_shoreside,0.448,U,3,8,2011
1360,CAN_shoreside,0.596,U,5,8,2011
1361,CAN_shoreside,0.378,U,3,8,2011
1362,CAN_shoreside,0.55,U,3,8,2011
1363,CAN_shoreside,0.571,U,6,8,2011
1364,CAN_shoreside,0.405,U,3,8,2011
1365,CAN_shoreside,0.377,U,4,8,2011
1366,CAN_shoreside,0.485,U,5,8,2011
1367,CAN_shoreside,0.685,U,6,8,2011
1368,CAN_shoreside,0.553,U,7,8,2011
1369,CAN_shoreside,0.353,U,3,8,2011
1370,CAN_shoreside,0.47,U,3,8,2011
1371,CAN_shoreside,0.529,U,5,8,2011
1372,CAN_shoreside,0.514,U,5,8,2011
1373,CAN_shoreside,0.422,U,3,8,2011
1374,CAN_shoreside,0.352,U,3,8,2011
1375,CAN_shoreside,0.502,U,3,8,2011
1376,CAN_shoreside,0.357,U,3,8,2011
1377,CAN_shoreside,0.47,U,3,8,2011
1378,CAN_shoreside,0.448,U,3,8,2011
1379,CAN_shoreside,0.575,U,3,8,2011
1380,CAN_shoreside,0.527,U,3,8,2011
1381,CAN_shoreside,0.541,U,3,8,2011
1382,CAN_shoreside,0.433,U,3,8,2011
1383,CAN_shoreside,0.353,U,3,8,2011
1384,CAN_shoreside,0.492,U,3,8,2011
1385,CAN_shoreside,0.436,U,3,8,2011
1386,CAN_shoreside,0.433,U,3,8,2011
1387,CAN_shoreside,0.528,U,3,8,2011
1388,CAN_shoreside,0.588,U,3,8,2011
1389,CAN_shoreside,0.435,U,3,8,2011
1390,CAN_shoreside,0.478,U,3,8,2011
1391,CAN_shoreside,0.538,U,5,8,2011
1392,CAN_shoreside,0.464,U,3,8,2011
1393,CAN_shoreside,0.414,U,3,8,2011
1394,CAN_shoreside,0.501,U,3,8,2011
1395,CAN_shoreside,0.509,U,5,8,2011
1396,CAN_shoreside,0.507,U,3,8,2011
1397,CAN_shoreside,0.999,U,8,8,2011
1398,CAN_shoreside,0.361,U,3,8,2011
1399,CAN_shoreside,0.564,U,3,8,2011
1400,CAN_shoreside,0.536,U,3,8,2011
1401,CAN_shoreside,0.419,U,3,8,2011
1402,CAN_shoreside,0.632,U,6,8,2011
1403,CAN_shoreside,0.46,U,3,8,2011
1404,CAN_shoreside,0.367,U,3,8,2011
1405,CAN_shoreside,0.462,U,5,8,2011
1406,CAN_shoreside,0.455,U,3,8,2011
1407,CAN_shoreside,0.384,U,4,9,2012
1408,CAN_shoreside,0.386,U,4,9,2012
1409,CAN_shoreside,0.52,U,4,9,2012
1410,CAN_shoreside,0.452,U,4,9,2012
1411,CAN_shoreside,0.486,U,5,9,2012
1412,CAN_shoreside,0.5,U,4,9,2012
1413,CAN_shoreside,0.422,U,4,9,2012
1414,CAN_shoreside,0.23,U,2,6,2014
1415,CAN_shoreside,0.212,U,2,6,2014
1416,CAN_shoreside,0.348,U,3,6,2014
1417,CAN_shoreside,1.19,U,5,6,2014
1418,CAN_shoreside,0.238,U,2,6,2014
1419,CAN_shoreside,0.154,U,2,6,2014
1420,CAN_shoreside,0.176,U,2,6,2014
1421,CAN_shoreside,0.166,U,2,6,2014
1422,CAN_shoreside,0.232,U,2,6,2014
1423,CAN_shoreside,0.216,U,2,6,2014
1424,CAN_shoreside,0.354,U,3,7,2014
1425,CAN_shoreside,0.308,U,3,7,2014
1426,CAN_shoreside,0.29,U,3,7,2014
1427,CAN_shoreside,0.24,U,2,7,2014
1428,CAN_shoreside,0.208,U,2,7,2014
1429,CAN_shoreside,0.21,U,2,7,2014
1430,CAN_shoreside,0.272,U,3,7,2014
1431,CAN_shoreside,0.254,U,2,7,2014
1432,CAN_shoreside,0.14,U,2,7,2014
1433,CAN_shoreside,0.226,U,2,7,2014
1434,CAN_shoreside,0.416,U,7,7,2014
1435,CAN_shoreside,0.224,U,2,7,2014
1436,CAN_shoreside,0.294,U,3,7,2014
1437,CAN_shoreside,0.208,U,2,7,2014
1438,CAN_shoreside,0.172,U,2,7,2014
1439,CAN_shoreside,0.182,U,2,7,2014
1440,CAN_shoreside,0.256,U,2,7,2014
1441,CAN_shoreside,0.352,U,3,7,2014
1442,CAN_shoreside,0.414,U,5,7,2014
1443,CAN_shoreside,0.196,U,3,7,2014
1444,CAN_shoreside,0.238,U,3,8,2014
1445,CAN_shoreside,0.19,U,2,8,2014
1446,CAN_shoreside,0.26,U,3,8,2014
1447,CAN_shoreside,0.194,U,2,8,2014
1448,CAN_shoreside,0.158,U,2,8,2014
1449,CAN_shoreside,0.188,U,2,8,2014
1450,CAN_shoreside,0.098,U,2,8,2014
1451,CAN_shoreside,0.142,U,2,8,2014
1452,CAN_shoreside,0.238,U,2,8,2014
1453,CAN_shoreside,0.24,U,2,8,2014
1454,CAN_shoreside,0.322,U,4,2,2016
1455,CAN_shoreside,0.344,U,4,2,2016
1456,CAN_shoreside,0.35,U,4,2,2016
1457,CAN_shoreside,0.362,U,4,2,2016
1458,CAN_shoreside,0.294,U,4,2,2016
1459,CAN_shoreside,0.314,U,5,2,2016
1460,CAN_shoreside,0.304,U,4,2,2016
1461,CAN_shoreside,0.31,U,4,2,2016
1462,CAN_shoreside,0.28,U,4,2,2016
1463,CAN_shoreside,0.346,U,4,2,2016
1464,CAN_shoreside,0.356,U,4,2,2016
1465,CAN_shoreside,0.4,U,5,2,2016
1466,CAN_shoreside,0.496,U,6,2,2016
1467,CAN_shoreside,0.444,U,5,2,2016
1468,CAN_shoreside,0.232,U,4,2,2016
1469,CAN_shoreside,0.328,U,4,2,2016
1470,CAN_shoreside,0.332,U,4,2,2016
1471,CAN_shoreside,0.328,U,3,2,2016
1472,CAN_shoreside,0.289,U,4,2,2016
1473,CAN_shoreside,0.258,U,4,2,2016
1474,CAN_shoreside,0.292,U,4,2,2016
1475,CAN_shoreside,0.332,U,4,2,2016
1476,CAN_shoreside,0.38,U,3,2,2016
1477,CAN_shoreside,0.302,U,4,2,2016
1478,CAN_shoreside,0.322,U,4,2,2016
1479,CAN_shoreside,0.35,U,4,2,2016
1480,CAN_shoreside,0.298,U,4,2,2016
1481,CAN_shoreside,0.326,U,4,2,2016
1482,CAN_shoreside,0.406,U,4,2,2016
1483,CAN_shoreside,0.284,U,4,2,2016
1484,CAN_shoreside,0.274,U,4,2,2016
1485,CAN_shoreside,0.34,U,4,2,2016
1486,CAN_shoreside,0.28,U,4,2,2016
1487,CAN_shoreside,0.526,U,4,2,2016
1488,CAN_shoreside,0.374,U,4,2,2016
1489,CAN_shoreside,0.152,U,2,2,2016
1490,CAN_shoreside,0.332,U,4,2,2016
1491,CAN_shoreside,0.28,U,4,2,2016
1492,CAN_shoreside,0.318,U,3,2,2016
1493,CAN_shoreside,0.284,U,3,2,2016
1494,CAN_shoreside,0.27,U,4,2,2016
1495,CAN_shoreside,0.33,U,4,2,2016
1496,CAN_shoreside,0.444,U,4,2,2016
1497,CAN_shoreside,0.4,U,4,2,2016
1498,CAN_shoreside,0.32,U,4,2,2016
1499,CAN_shoreside,0.326,U,4,2,2016
1500,CAN_shoreside,0.17,U,3,2,2016
1501,CAN_shoreside,0.31,U,4,2,2016
1502,CAN_shoreside,0.414,U,4,2,2016
1503,CAN_shoreside,0.13,U,2,2,2016
1504,CAN_shoreside,0.266,U,3,2,2016
1505,CAN_shoreside,0.35,U,4,2,2016
1506,CAN_shoreside,0.282,U,4,2,2016
1507,CAN_shoreside,0.34,U,4,2,2016
1508,CAN_shoreside,0.246,U,3,2,2016
1509,CAN_shoreside,0.32,U,3,2,2016
1510,CAN_shoreside,0.298,U,6,2,2016
1511,CAN_shoreside,0.336,U,4,2,2016
1512,CAN_shoreside,0.324,U,4,2,2016
1513,CAN_shoreside,0.264,U,4,2,2016
1514,CAN_shoreside,0.265,U,4,3,2016
1515,CAN_shoreside,0.334,U,5,3,2016
1516,CAN_shoreside,0.39,U,4,3,2016
1517,CAN_shoreside,0.404,U,6,3,2016
1518,CAN_shoreside,0.345,U,6,3,2016
1519,CAN_shoreside,0.31,U,4,3,2016
1520,CAN_shoreside,0.452,U,8,3,2016
1521,CAN_shoreside,0.34,U,5,3,2016
1522,CAN_shoreside,0.28,U,3,3,2016
1523,CAN_shoreside,0.326,U,3,3,2016
1524,CAN_shoreside,0.258,U,4,3,2016
1525,CAN_shoreside,0.312,U,4,3,2016
1526,CAN_shoreside,0.292,U,6,3,2016
1527,CAN_shoreside,0.338,U,6,3,2016
1528,CAN_shoreside,0.4,U,4,3,2016
1529,CAN_shoreside,0.245,U,4,3,2016
1530,CAN_shoreside,0.295,U,4,3,2016
1531,CAN_shoreside,0.344,U,4,3,2016
1532,CAN_shoreside,0.356,U,3,3,2016
1533,CAN_shoreside,0.278,U,4,3,2016
1534,CAN_shoreside,0.32,U,4,3,2016
1535,CAN_shoreside,0.388,U,4,3,2016
1536,CAN_shoreside,0.275,U,4,3,2016
1537,CAN_shoreside,0.266,U,3,3,2016
1538,CAN_shoreside,0.47,U,4,3,2016
1539,CAN_shoreside,0.34,U,6,3,2016
1540,CAN_shoreside,0.274,U,4,3,2016
1541,CAN_shoreside,0.324,U,4,3,2016
1542,CAN_shoreside,0.338,U,4,3,2016
1543,CAN_shoreside,0.382,U,5,3,2016
1544,CAN_shoreside,0.324,U,4,3,2016
1545,CAN_shoreside,0.292,U,4,3,2016
1546,CAN_shoreside,0.426,U,4,3,2016
1547,CAN_shoreside,0.358,U,5,3,2016
1548,CAN_shoreside,0.254,U,4,3,2016
1549,CAN_shoreside,0.3,U,4,3,2016
1550,CAN_shoreside,0.108,U,3,3,2016
1551,CAN_shoreside,0.324,U,4,3,2016
1552,CAN_shoreside,0.356,U,5,3,2016
1553,CAN_shoreside,0.292,U,4,3,2016
1554,CAN_shoreside,0.364,U,6,3,2016
1555,CAN_shoreside,0.248,U,3,3,2016
1556,CAN_shoreside,0.368,U,4,3,2016
1557,CAN_shoreside,0.326,U,4,3,2016
1558,CAN_shoreside,0.26,U,4,3,2016
1559,CAN_shoreside,0.338,U,11,3,2016
1560,CAN_shoreside,0.344,U,3,3,2016
1561,CAN_shoreside,0.334,U,5,3,2016
1562,CAN_shoreside,0.29,U,4,3,2016
1563,CAN_shoreside,0.3,U,4,3,2016
1564,CAN_shoreside,0.312,U,7,3,2016
1565,CAN_shoreside,0.344,U,4,3,2016
1566,CAN_shoreside,0.334,U,4,3,2016
1567,CAN_shoreside,0.356,U,5,3,2016
1568,CAN_shoreside,0.392,U,4,3,2016
1569,CAN_shoreside,0.462,U,3,3,2016
1570,CAN_shoreside,0.31,U,4,3,2016
1571,CAN_shoreside,0.265,U,4,3,2016
1572,CAN_shoreside,0.275,U,4,3,2016
1573,CAN_shoreside,0.326,U,4,3,2016
1574,CAN_shoreside,0.308,U,4,3,2016
1575,CAN_shoreside,0.334,U,4,3,2016
1576,CAN_shoreside,0.468,U,7,3,2016
1577,CAN_shoreside,0.326,U,3,3,2016
1578,CAN_shoreside,0.33,U,4,3,2016
1579,CAN_shoreside,0.328,U,4,3,2016
1580,CAN_shoreside,0.33,U,4,3,2016
1581,CAN_shoreside,0.296,U,4,3,2016
1582,CAN_shoreside,0.326,U,4,3,2016
1583,CAN_shoreside,0.374,U,4,3,2016
1584,CAN_shoreside,0.284,U,4,3,2016
1585,CAN_shoreside,0.276,U,4,3,2016
1586,CAN_shoreside,0.484,U,4,3,2016
1587,CAN_shoreside,0.272,U,4,3,2016
1588,CAN_shoreside,0.358,U,4,3,2016
1589,CAN_shoreside,0.298,U,4,3,2016
1590,CAN_shoreside,0.314,U,4,3,2016
1591,CAN_shoreside,0.354,U,4,3,2016
1592,CAN_shoreside,0.28,U,5,3,2016
1593,CAN_shoreside,0.326,U,4,3,2016
1594,CAN_shoreside,0.5,U,5,3,2016
1595,CAN_shoreside,0.34,U,4,3,2016
1596,CAN_shoreside,0.292,U,4,3,2016
1597,CAN_shoreside,0.348,U,5,3,2016
1598,CAN_shoreside,0.336,U,4,3,2016
1599,CAN_shoreside,0.45,U,4,3,2016
1600,CAN_shoreside,0.304,U,4,3,2016
1601,CAN_shoreside,0.325,U,4,3,2016
1602,CAN_shoreside,0.335,U,4,3,2016
1603,CAN_shoreside,0.34,U,4,3,2016
1604,CAN_shoreside,0.378,U,4,3,2016
1605,CAN_shoreside,0.306,U,4,3,2016
1606,CAN_shoreside,0.268,U,3,3,2016
1607,CAN_shoreside,0.286,U,4,3,2016
1608,CAN_shoreside,0.33,U,5,3,2016
1609,CAN_shoreside,0.295,U,4,3,2016
1610,CAN_shoreside,0.28,U,4,3,2016
1611,CAN_shoreside,0.296,U,4,3,2016
1612,CAN_shoreside,0.366,U,4,3,2016
1613,CAN_shoreside,1.865,U,9,3,2016
1614,CAN_shoreside,0.305,U,4,3,2016
1615,CAN_shoreside,0.352,U,4,3,2016
1616,CAN_shoreside,0.292,U,4,3,2016
1617,CAN_shoreside,0.312,U,4,3,2016
1618,CAN_shoreside,0.414,U,5,3,2016
1619,CAN_shoreside,0.414,U,4,3,2016
1620,CAN_shoreside,0.23,U,3,3,2016
1621,CAN_shoreside,0.33,U,4,3,2016
1622,CAN_shoreside,0.27,U,4,3,2016
1623,CAN_shoreside,0.256,U,4,3,2016
1624,CAN_shoreside,0.312,U,4,3,2016
1625,CAN_shoreside,0.325,U,5,3,2016
1626,CAN_shoreside,0.314,U,8,3,2016
1627,CAN_shoreside,0.338,U,3,3,2016
1628,CAN_shoreside,0.272,U,4,3,2016
1629,CAN_shoreside,0.316,U,4,3,2016
1630,CAN_shoreside,0.306,U,4,3,2016
1631,CAN_shoreside,0.306,U,4,3,2016
1632,CAN_shoreside,0.34,U,4,3,2016
1633,CAN_shoreside,0.39,U,5,3,2016
1634,CAN_shoreside,0.388,U,5,3,2016
1635,CAN_shoreside,0.374,U,4,3,2016
1636,CAN_shoreside,0.406,U,8,3,2016
1637,CAN_shoreside,0.54,U,6,3,2016
1638,CAN_shoreside,0.312,U,4,3,2016
1639,CAN_shoreside,0.418,U,5,3,2016
1640,CAN_shoreside,0.26,U,6,3,2016
1641,CAN_shoreside,0.342,U,3,3,2016
1642,CAN_shoreside,0.37,U,4,3,2016
1643,CAN_shoreside,0.305,U,5,3,2016
1644,CAN_shoreside,0.36,U,4,3,2016
1645,CAN_shoreside,0.47,U,4,3,2016
1646,CAN_shoreside,0.312,U,4,3,2016
1647,CAN_shoreside,0.328,U,4,3,2016
1648,CAN_shoreside,0.28,U,4,3,2016
1649,CAN_shoreside,0.356,U,4,3,2016
1650,CAN_shoreside,0.346,U,5,3,2016
1651,CAN_shoreside,0.376,U,4,3,2016
1652,CAN_shoreside,0.45,U,6,3,2016
1653,CAN_shoreside,0.344,U,7,3,2016
1654,CAN_shoreside,0.3,U,4,3,2016
1655,CAN_shoreside,0.412,U,6,3,2016
1656,CAN_shoreside,0.334,U,4,3,2016
1657,CAN_shoreside,0.372,U,4,3,2016
1658,CAN_shoreside,0.292,U,4,3,2016
1659,CAN_shoreside,0.354,U,5,3,2016
1660,CAN_shoreside,0.335,U,5,3,2016
1661,CAN_shoreside,0.316,U,4,3,2016
1662,CAN_shoreside,0.336,U,4,3,2016
1663,CAN_shoreside,0.348,U,3,3,2016
1664,CAN_shoreside,0.256,U,4,3,2016
1665,CAN_shoreside,0.35,U,4,3,2016
1666,CAN_shoreside,0.362,U,4,3,2016
1667,CAN_shoreside,0.28,U,4,3,2016
1668,CAN_shoreside,0.326,U,3,3,2016
1669,CAN_shoreside,0.36,U,4,3,2016
1670,CAN_shoreside,0.338,U,4,3,2016
1671,CAN_shoreside,0.284,U,4,3,2016
1672,CAN_shoreside,0.335,U,4,3,2016
1673,CAN_shoreside,0.31,U,4,3,2016
1674,CAN_shoreside,0.348,U,4,3,2016
1675,CAN_shoreside,0.276,U,4,3,2016
1676,CAN_shoreside,0.266,U,4,3,2016
1677,CAN_shoreside,0.338,U,4,3,2016
1678,CAN_shoreside,0.312,U,4,3,2016
1679,CAN_shoreside,0.268,U,6,3,2016
1680,CAN_shoreside,0.3,U,4,3,2016
1681,CAN_shoreside,0.362,U,4,3,2016
1682,CAN_shoreside,0.314,U,5,3,2016
1683,CAN_shoreside,0.335,U,4,3,2016
1684,CAN_shoreside,0.29,U,7,4,2016
1685,CAN_shoreside,0.32,U,5,4,2016
1686,CAN_shoreside,0.324,U,5,4,2016
1687,CAN_shoreside,0.348,U,4,4,2016
1688,CAN_shoreside,0.37,U,8,4,2016
1689,CAN_shoreside,0.314,U,4,4,2016
1690,CAN_shoreside,0.405,U,5,4,2016
1691,CAN_shoreside,0.35,U,5,4,2016
1692,CAN_shoreside,0.32,U,4,4,2016
1693,CAN_shoreside,0.27,U,4,4,2016
1694,CAN_shoreside,0.308,U,5,4,2016
1695,CAN_shoreside,0.338,U,8,4,2016
1696,CAN_shoreside,0.346,U,4,4,2016
1697,CAN_shoreside,0.334,U,4,4,2016
1698,CAN_shoreside,0.254,U,4,4,2016
1699,CAN_shoreside,0.368,U,4,4,2016
1700,CAN_shoreside,0.29,U,4,4,2016
1701,CAN_shoreside,0.318,U,4,4,2016
1702,CAN_shoreside,0.265,U,4,4,2016
1703,CAN_shoreside,0.38,U,4,4,2016
1704,CAN_shoreside,0.155,U,2,4,2016
1705,CAN_shoreside,0.315,U,4,4,2016
1706,CAN_shoreside,0.405,U,6,4,2016
1707,CAN_shoreside,0.47,U,4,4,2016
1708,CAN_shoreside,0.288,U,5,4,2016
1709,CAN_shoreside,0.266,U,4,4,2016
1710,CAN_shoreside,0.33,U,6,4,2016
1711,CAN_shoreside,0.254,U,4,4,2016
1712,CAN_shoreside,0.276,U,5,4,2016
1713,CAN_shoreside,0.258,U,4,4,2016
1714,CAN_shoreside,0.335,U,7,4,2016
1715,CAN_shoreside,0.31,U,4,4,2016
1716,CAN_shoreside,0.29,U,4,4,2016
1717,CAN_shoreside,0.268,U,4,4,2016
1718,CAN_shoreside,0.3,U,4,4,2016
1719,CAN_shoreside,0.352,U,4,4,2016
1720,CAN_shoreside,0.282,U,4,4,2016
1721,CAN_shoreside,0.272,U,5,4,2016
1722,CAN_shoreside,0.338,U,7,4,2016
1723,CAN_shoreside,0.276,U,4,4,2016
1724,CAN_shoreside,0.274,U,3,4,2016
1725,CAN_shoreside,0.358,U,4,4,2016
1726,CAN_shoreside,0.388,U,4,4,2016
1727,CAN_shoreside,0.308,U,4,4,2016
1728,CAN_shoreside,0.368,U,4,4,2016
1729,CAN_shoreside,0.26,U,5,4,2016
1730,CAN_shoreside,0.245,U,4,4,2016
1731,CAN_shoreside,0.34,U,4,4,2016
1732,CAN_shoreside,0.32,U,4,4,2016
1733,CAN_shoreside,0.284,U,4,4,2016
1734,CAN_shoreside,0.286,U,3,4,2016
1735,CAN_shoreside,0.25,U,4,4,2016
1736,CAN_shoreside,0.26,U,6,4,2016
1737,CAN_shoreside,0.274,U,5,4,2016
1738,CAN_shoreside,0.35,U,5,4,2016
1739,CAN_shoreside,0.222,U,4,4,2016
1740,CAN_shoreside,0.284,U,5,4,2016
1741,CAN_shoreside,0.37,U,4,4,2016
1742,CAN_shoreside,0.4,U,4,4,2016
1743,CAN_shoreside,0.156,U,2,4,2016
1744,CAN_shoreside,0.513,U,6,5,2016
1745,CAN_shoreside,0.549,U,6,5,2016
1746,CAN_shoreside,0.532,U,6,5,2016
1747,CAN_shoreside,0.556,U,8,5,2016
1748,CAN_shoreside,0.517,U,4,5,2016
1749,CAN_shoreside,0.488,U,7,5,2016
1750,CAN_shoreside,0.51,U,8,5,2016
1751,CAN_shoreside,0.604,U,7,5,2016
1752,CAN_shoreside,0.524,U,6,5,2016
1753,CAN_shoreside,0.527,U,6,5,2016
1754,CAN_shoreside,0.338,U,6,5,2016
1755,CAN_shoreside,0.501,U,6,5,2016
1756,CAN_shoreside,0.577,U,8,5,2016
1757,CAN_shoreside,0.628,U,6,5,2016
1758,CAN_shoreside,0.406,U,6,5,2016
1759,CAN_shoreside,0.886,U,10,5,2016
1760,CAN_shoreside,0.426,U,6,5,2016
1761,CAN_shoreside,0.4,U,6,5,2016
1762,CAN_shoreside,0.444,U,6,5,2016
1763,CAN_shoreside,0.61,U,6,5,2016
1764,CAN_shoreside,0.536,U,9,5,2016
1765,CAN_shoreside,0.5,U,6,5,2016
1766,CAN_shoreside,0.503,U,6,5,2016
1767,CAN_shoreside,0.412,U,4,5,2016
1768,CAN_shoreside,0.492,U,6,5,2016
1769,CAN_shoreside,0.465,U,6,5,2016
1770,CAN_shoreside,0.451,U,6,5,2016
1771,CAN_shoreside,0.547,U,6,5,2016
1772,CAN_shoreside,0.468,U,6,5,2016
1773,CAN_shoreside,0.457,U,4,5,2016
1774,CAN_shoreside,0.404,U,6,5,2016
1775,CAN_shoreside,0.579,U,6,5,2016
1776,CAN_shoreside,0.459,U,6,5,2016
1777,CAN_shoreside,0.798,U,6,5,2016
1778,CAN_shoreside,0.565,U,12,5,2016
1779,CAN_shoreside,0.44,U,5,5,2016
1780,CAN_shoreside,0.634,U,8,5,2016
1781,CAN_shoreside,0.558,U,6,5,2016
1782,CAN_shoreside,0.421,U,6,5,2016
1783,CAN_shoreside,0.555,U,6,5,2016
1784,CAN_shoreside,0.434,U,6,5,2016
1785,CAN_shoreside,0.535,U,6,5,2016
1786,CAN_shoreside,0.609,U,6,5,2016
1787,CAN_shoreside,0.461,U,6,5,2016
1788,CAN_shoreside,0.393,U,6,5,2016
1789,CAN_shoreside,0.457,U,6,5,2016
1790,CAN_shoreside,0.447,U,6,5,2016
1791,CAN_shoreside,0.496,U,6,5,2016
1792,CAN_shoreside,0.6,U,6,5,2016
1793,CAN_shoreside,0.502,U,6,5,2016
1794,CAN_shoreside,0.455,U,7,5,2016
1795,CAN_shoreside,0.423,U,4,5,2016
1796,CAN_shoreside,0.578,U,6,5,2016
1797,CAN_shoreside,0.509,U,6,5,2016
1798,CAN_shoreside,0.491,U,5,5,2016
1799,CAN_shoreside,0.439,U,6,5,2016
1800,CAN_shoreside,0.424,U,6,5,2016
1801,CAN_shoreside,0.35,U,6,5,2016
1802,CAN_shoreside,0.388,U,4,5,2016
1803,CAN_shoreside,0.693,U,6,5,2016
1804,CAN_shoreside,0.521,U,6,5,2016
1805,CAN_shoreside,0.482,U,6,5,2016
1806,CAN_shoreside,0.574,U,6,5,2016
1807,CAN_shoreside,0.434,U,6,5,2016
1808,CAN_shoreside,0.428,U,6,5,2016
1809,CAN_shoreside,0.585,U,8,5,2016
1810,CAN_shoreside,0.428,U,7,5,2016
1811,CAN_shoreside,0.552,U,6,5,2016
1812,CAN_shoreside,0.868,U,15,5,2016
1813,CAN_shoreside,0.531,U,6,5,2016
1814,CAN_shoreside,0.484,U,8,5,2016
1815,CAN_shoreside,0.43,U,6,5,2016
1816,CAN_shoreside,1.031,U,15,5,2016
1817,CAN_shoreside,0.586,U,6,5,2016
1818,CAN_shoreside,0.608,U,6,5,2016
1819,CAN_shoreside,0.421,U,4,5,2016
1820,CAN_shoreside,0.643,U,10,5,2016
1821,CAN_shoreside,0.427,U,6,5,2016
1822,CAN_shoreside,0.458,U,7,5,2016
1823,CAN_shoreside,1.318,U,13,5,2016
1824,CAN_shoreside,0.494,U,8,8,2016
1825,CAN_shoreside,0.53,U,6,8,2016
1826,CAN_shoreside,0.684,U,6,8,2016
1827,CAN_shoreside,0.708,U,6,8,2016
1828,CAN_shoreside,0.618,U,6,8,2016
1829,CAN_shoreside,0.59,U,7,8,2016
1830,CAN_shoreside,0.554,U,6,8,2016
1831,CAN_shoreside,0.676,U,6,8,2016
1832,CAN_shoreside,0.616,U,6,8,2016
1833,CAN_shoreside,0.466,U,6,8,2016
1834,CAN_shoreside,0.554,U,5,8,2017
1835,CAN_shoreside,0.644,U,9,8,2017
1836,CAN_shoreside,0.564,U,7,8,2017
1837,CAN_shoreside,0.605,U,7,8,2017
1838,CAN_shoreside,0.577,U,9,8,2017
1839,CAN_shoreside,0.559,U,9,8,2017
1840,CAN_shoreside,0.534,U,7,8,2017
1841,CAN_shoreside,0.754,U,7,8,2017
1842,CAN_shoreside,0.556,U,7,8,2017
1843,CAN_shoreside,0.54,U,7,8,2017
1844,CAN_shoreside,0.462,U,6,5,2020
1845,CAN_shoreside,0.411,U,6,5,2020
1846,CAN_shoreside,0.437,U,4,5,2020
1847,CAN_shoreside,0.938,U,10,5,2020
1848,CAN_shoreside,0.563,U,6,5,2020
1849,CAN_shoreside,0.696,U,6,5,2020
1850,CAN_shoreside,0.497,U,6,5,2020
1851,CAN_shoreside,0.504,U,6,5,2020
1852,CAN_shoreside,0.58,U,11,5,2020
1853,CAN_shoreside,0.625,U,6,5,2020
1854,CAN_shoreside,0.446,U,4,5,2020
1855,CAN_shoreside,0.531,U,4,5,2020
1856,CAN_shoreside,0.407,U,6,5,2020
1857,CAN_shoreside,0.456,U,3,5,2020
1858,CAN_shoreside,0.957,U,14,5,2020
1859,CAN_shoreside,0.653,U,10,5,2020
1860,CAN_shoreside,0.371,U,7,5,2020
1861,CAN_shoreside,0.541,U,6,5,2020
1862,CAN_shoreside,0.635,U,10,5,2020
1863,CAN_shoreside,0.481,U,7,5,2020
1864,CAN_shoreside,0.47,U,3,5,2020
1865,CAN_shoreside,0.497,U,6,5,2020
1866,CAN_shoreside,0.707,U,8,5,2020
1867,CAN_shoreside,0.488,U,6,5,2020
1868,CAN_shoreside,0.501,U,10,5,2020
1869,CAN_shoreside,0.541,U,6,5,2020
1870,CAN_shoreside,0.371,U,4,5,2020
1871,CAN_shoreside,0.486,U,3,5,2020
1872,CAN_shoreside,0.62,U,11,5,2020
1873,CAN_shoreside,0.426,U,3,5,2020
1874,CAN_shoreside,0.803,U,11,5,2020
1875,CAN_shoreside,0.575,U,10,5,2020
1876,CAN_shoreside,0.457,U,4,5,2020
1877,CAN_shoreside,0.565,U,6,5,2020
1878,CAN_shoreside,0.921,U,10,5,2020
1879,CAN_shoreside,0.626,U,7,5,2020
1880,CAN_shoreside,0.511,U,10,5,2020
1881,CAN_shoreside,0.406,U,6,5,2020
1882,CAN_shoreside,0.591,U,6,5,2020
1883,CAN_shoreside,0.527,U,12,5,2020
1884,CAN_shoreside,0.537,U,7,5,2020
1885,CAN_shoreside,0.526,U,6,5,2020
1886,CAN_shoreside,0.462,U,4,5,2020
1887,CAN_shoreside,0.979,U,11,5,2022
1888,CAN_shoreside,1.783,U,11,5,2022
1889,CAN_shoreside,0.711,U,13,5,2022
1890,CAN_shoreside,1.709,U,8,5,2022
1891,CAN_shoreside,1.403,U,11,5,2022
1892,CAN_shoreside,1.471,U,11,5,2022
1893,CAN_shoreside,1.484,U,12,5,2022
1894,CAN_shoreside,0.878,U,5,5,2022
1895,CAN_shoreside,0.875,U,6,5,2022
1896,CAN_shoreside,0.751,U,7,5,2022
1897,CAN_shoreside,0.701,U,5,5,2022
1898,CAN_shoreside,0.823,U,6,5,2022
1899,CAN_shoreside,0.944,U,6,5,2022
1900,CAN_shoreside,1.327,U,10,5,2022
1901,CAN_shoreside,1.28,U,14,5,2022
1902,CAN_shoreside,1.098,U,10,5,2022
1903,CAN_shoreside,1.172,U,10,5,2022
1904,CAN_shoreside,0.904,U,6,5,2022
1905,CAN_shoreside,1.024,U,8,5,2022
1906,CAN_shoreside,0.901,U,7,5,2022
1907,CAN_shoreside,1.123,U,10,5,2022
1908,CAN_shoreside,1.05,U,11,5,2022
1909,CAN_shoreside,0.994,U,7,5,2022
1910,CAN_shoreside,1.938,U,8,5,2022
1911,CAN_shoreside,0.806,U,6,5,2022
1912,CAN_shoreside,0.95,U,5,5,2022
1913,CAN_shoreside,1.141,U,12,5,2022
1914,CAN_shoreside,1.134,U,4,5,2022
1915,CAN_shoreside,1.416,U,8,5,2022
1916,CAN_shoreside,0.706,U,8,5,2022
1917,CAN_shoreside,1.137,U,7,6,2022
1918,CAN_shoreside,0.648,U,7,6,2022
1919,CAN_shoreside,1.119,U,7,6,2022
1920,CAN_shoreside,0.841,U,8,6,2022
1921,CAN_shoreside,1.284,U,6,6,2022
1922,CAN_shoreside,0.962,U,6,6,2022
1923,CAN_shoreside,0.989,U,6,6,2022
1924,CAN_shoreside,0.954,U,8,6,2022
1925,CAN_shoreside,1.231,U,12,6,2022
1926,CAN_shoreside,0.761,U,5,6,2022
1927,CAN_shoreside,0.765,U,9,6,2022
1928,CAN_shoreside,1,U,11,6,2022
1929,CAN_shoreside,0.938,U,6,6,2022
1930,CAN_shoreside,1.339,U,6,6,2022
1931,CAN_shoreside,1.012,U,6,6,2022
1932,CAN_shoreside,0.966,U,8,6,2022
1933,CAN_shoreside,0.908,U,6,6,2022
1934,CAN_shoreside,1.456,U,7,6,2022
1935,CAN_shoreside,1.093,U,13,6,2022
1936,CAN_shoreside,1.121,U,8,6,2022
1937,CAN_shoreside,0.9,U,13,6,2022
1938,CAN_shoreside,1.185,U,12,6,2022
